district,year,ndvi,rainfall_annual,temp_rabi,zone_type,ndvi_mean,rain_mean,temp_mean,ndvi_deficit,rain_deficit,temp_anomaly,n_ndvi,n_rain,n_temp,sspi,zone_factor,sspi_class
Ahmadabad,2015,0.3202889562754944,657.92,33.74197802197802,inland,0.33494606224063345,819.3454545454545,32.431843921106214,0.014657105965139028,161.4254545454545,1.3101341008718066,0.4473332825420622,0.778029033899565,0.8021092020650274,52.1,0.8,High
Amreli,2015,0.4118940921377047,657.42,34.27434065934066,coastal,0.3653684670564672,878.4136363636363,32.98440611301267,-0.04652562508123753,220.99363636363637,1.2899345463279914,0.236240916551804,0.8092494334825625,0.7972321448095014,86.6,1.5,Critical
Anand,2015,0.3849253937151558,785.89,33.73989010989011,canal,0.44047806818284696,969.4318181818181,32.55244938121987,0.05555267446769119,183.54181818181814,1.1874407286702393,0.5884309773667145,0.7896204857279536,0.7724856477533396,84.6,1.2,Critical
Aravalli,2015,0.4235861456485219,624.18,33.06362637362637,inland,0.4430652462237046,796.360909090909,31.86083563977007,0.019479100575182706,172.18090909090904,1.2027907338563004,0.46397010527975324,0.7836660968139708,0.7761918113720796,52.3,0.8,High
BanasKantha,2015,0.3892266660082372,603.08,32.65582417582417,inland,0.3990388091449443,827.9990909090909,31.408053558463394,0.009812143136707085,224.91909090909087,1.2477706173607785,0.4306172149671559,0.8113068113596992,0.7870519254761997,52.2,0.8,High
Bharuch,2015,0.4330731631897205,1165.47,34.5095054945055,canal,0.3841447975698467,1378.729090909091,33.59115349131742,-0.04892836561987379,213.2590909090909,0.9183520031880761,0.227950992638846,0.8051956653077873,0.7075158426942045,66.0,1.2,High
Bhavnagar,2015,0.3503226599428469,722.57,34.06368131868132,coastal,0.3270399994434892,871.0754545454546,32.94496585381831,-0.023282660499357677,148.50545454545454,1.1187154648630084,0.3164336817701093,0.7712575067133985,0.7558923587398637,87.8,1.5,Critical
Botad,2015,0.4299687234077108,722.57,34.06368131868132,canal,0.38425720179685496,871.0754545454546,32.94496585381831,-0.04571152161085584,148.50545454545454,1.1187154648630084,0.23904973245107283,0.7712575067133985,0.7558923587398637,66.5,1.2,High
ChhotaUdaipur,2015,0.4930542743693842,888.76,33.57346153846154,hilly,0.47365128077702406,1053.0963636363635,32.62040675171823,-0.01940299359236014,164.33636363636356,0.9530547867433086,0.3298192899743497,0.7795546763179513,0.7158946147090962,40.9,0.7,Moderate
Dahod,2015,0.3650003274380869,877.18,32.058076923076925,hilly,0.4044113949969596,1012.0318181818183,30.858593319249056,0.03941106755887269,134.85181818181832,1.1994836038278684,0.5327392824228518,0.7641014718971142,0.775393325323036,47.2,0.7,Moderate
DevbhumiDwarka,2015,0.216999883791458,635.17,26.51230769230769,coastal,0.24366843680821057,897.2345454545455,25.966253555187983,0.026668553016752583,262.0645454545455,0.5460541371197074,0.48877511970310505,0.8307751902526603,0.6176268302911294,96.1,1.5,Critical
Gandhinagar,2015,0.4189332550843186,657.92,33.74197802197802,inland,0.4328033771116592,819.3454545454545,32.431843921106214,0.013870122027340615,161.4254545454545,1.3101341008718066,0.4446180343243867,0.778029033899565,0.8021092020650274,52.1,0.8,High
GirSomnath,2015,0.482717957807002,629.69,32.731263736263735,coastal,0.4462015044259074,948.6281818181818,31.372652702488768,-0.036516453381094605,318.93818181818176,1.3586110337749666,0.2707745128730332,0.860583346197901,0.8138136570730907,91.9,1.5,Critical
Jamnagar,2015,0.3067441256329022,638.26,30.944615384615386,coastal,0.30878202076929206,811.3136363636364,30.099657773920068,0.0020378951363898556,173.05363636363643,0.8449576106953174,0.4037945417043678,0.7841235036602079,0.6897952214970736,91.3,1.5,Critical
Junagadh,2015,0.429583777101231,647.6899999999999,34.47791208791209,coastal,0.41041453730462313,957.8809090909091,32.96623289279027,-0.019169239796607895,310.19090909090914,1.5116791951218147,0.33062578620229915,0.8559987954953051,0.8507710159726339,96.7,1.5,Critical
Kachchh,2015,0.1766491705229635,507.41,32.86203296703297,coastal,0.13994267516176054,599.8054545454546,32.19571349415612,-0.03670649536120296,92.39545454545458,0.6663194728768502,0.27011883094232403,0.7418495817586152,0.6466641502513479,79.4,1.5,Critical
Kheda,2015,0.4261719578459034,657.92,33.74197802197802,canal,0.4564804347166025,819.3454545454545,32.431843921106214,0.030308476870699097,161.4254545454545,1.3101341008718066,0.5013335675725134,0.778029033899565,0.8021092020650274,80.8,1.2,Critical
Mahesana,2015,0.4179122494388682,616.7,33.346868131868135,inland,0.43794096053540876,793.3772727272727,32.083054895923745,0.020028711096540586,176.67727272727268,1.26381323594439,0.4658663688714951,0.7860226950030209,0.7909253163072265,52.7,0.8,High
Mahisagar,2015,0.3800773483404019,763.16,33.30549450549451,hilly,0.41866962812429553,935.9290909090909,32.075187107973996,0.038592279783893624,172.7690909090909,1.2303073975205123,0.5299143047582684,0.783974369969716,0.7828355392760944,47.7,0.7,Moderate
Morbi,2015,0.325805380384716,607.75,33.02884615384615,coastal,0.3276175715128174,708.96,32.079326766130045,0.0018121911281013814,101.21000000000004,0.9495193877161086,0.40301581881461995,0.7464693909056086,0.7150410145250237,90.2,1.5,Critical
Narmada,2015,0.4545387154913067,1018.83,33.35043956043956,canal,0.4113918090322688,1153.2536363636364,32.64504484586451,-0.043146906459037904,134.42363636363632,0.7053947145750499,0.2478981553801074,0.7638770566631791,0.6560986251860433,63.7,1.2,High
Navsari,2015,0.5533150667891517,1316.1699999999998,34.550219780219784,inland,0.482646483411377,1621.3572727272729,33.74819330942282,-0.07066858337777465,305.187272727273,0.8020264707969673,0.15294299732428399,0.8533763295768799,0.6794297638393274,42.4,0.8,Moderate
PanchMahals,2015,0.4147377378509536,763.16,33.30549450549451,hilly,0.44981767634710096,935.9290909090909,32.075187107973996,0.03507993849614738,172.7690909090909,1.2303073975205123,0.5177960416484766,0.783974369969716,0.7828355392760944,47.4,0.7,Moderate
Patan,2015,0.3543667411971778,565.37,33.12758241758242,inland,0.3468958326288714,729.1409090909091,32.10017941075318,-0.0074709085683064,163.77090909090907,1.027403006829239,0.3709873126475318,0.7792583147988269,0.7338455316671416,48.4,0.8,Moderate
Porbandar,2015,0.3132640087128931,742.6,28.64763736263736,coastal,0.3176866331264165,971.7236363636363,27.898721005770184,0.004422624413523368,229.12363636363625,0.7489163568671771,0.4120223232490454,0.8135104641345386,0.6666066559870601,92.4,1.5,Critical
Rajkot,2015,0.3724185489018136,675.4,33.26516483516484,coastal,0.3538280959425513,827.0236363636363,32.09266124585797,-0.01859045295926226,151.62363636363636,1.1725035893068707,0.33262271377989777,0.7728917832577661,0.768879168028705,89.4,1.5,Critical
SabarKantha,2015,0.4302642720955835,624.18,33.06362637362637,inland,0.44923536486559895,796.360909090909,31.86083563977007,0.018971092770015463,172.18090909090904,1.2027907338563004,0.46221737918040695,0.7836660968139708,0.7761918113720796,52.3,0.8,High
Surat,2015,0.4600267365822038,1316.1699999999998,34.550219780219784,inland,0.4245264208493553,1621.3572727272729,33.74819330942282,-0.03550031573284845,305.187272727273,0.8020264707969673,0.274280386126345,0.8533763295768799,0.6794297638393274,46.3,0.8,Moderate
Surendranagar,2015,0.3145794274865719,657.05,33.9728021978022,canal,0.32574235757236847,798.2736363636363,32.78707904117741,0.011162930085796552,141.2236363636364,1.185723156624796,0.4352776936374513,0.7674410183401088,0.7720709506278189,76.3,1.2,Critical
Tapi,2015,0.4161740568817449,1316.1699999999998,34.550219780219784,hilly,0.3784417127847622,1621.3572727272729,33.74819330942282,-0.03773234409698273,305.187272727273,0.8020264707969673,0.2665794525412566,0.8533763295768799,0.6794297638393274,40.3,0.7,Moderate
TheDangs,2015,0.5846108418258699,1221.2,32.80417582417582,hilly,0.4696134631985778,1402.8527272727272,32.27979575069739,-0.11499737862729209,181.65272727272713,0.524380073478433,0.0,0.7886303904920364,0.6123937619524626,30.0,0.7,Moderate
Vadodara,2015,0.5224304371955241,785.89,33.73989010989011,inland,0.4888042075723847,969.4318181818181,32.55244938121987,-0.03362622962313938,183.54181818181814,1.1874407286702393,0.28074634905742263,0.7896204857279536,0.7724856477533396,46.5,0.8,Moderate
Valsad,2015,0.5294528280117757,1419.94,34.354945054945055,hilly,0.44655564537919773,1914.9845454545457,33.660969194739685,-0.082897182632578,495.04454545454564,0.69397586020537,0.11075194267053745,0.9528828066484087,0.6533416135681562,37.9,0.7,Moderate
Ahmadabad,2016,0.3357459040902166,551.92,33.84185792349727,inland,0.33494606224063345,819.3454545454545,32.431843921106214,-0.0007998418495831494,267.4254545454545,1.4100140023910583,0.3940037951296024,0.8335849070987638,0.8262245852695963,52.5,0.8,High
Amreli,2016,0.4729185479291706,646.68,33.87803278688525,coastal,0.3653684670564672,878.4136363636363,32.98440611301267,-0.1075500808727034,231.73363636363638,0.893626673872582,0.025694631088933162,0.8148783964840662,0.7015460651690699,70.6,1.5,High
Anand,2016,0.4526188839151638,635.29,34.05131147540984,canal,0.44047806818284696,969.4318181818181,32.55244938121987,-0.012140815732316845,334.14181818181817,1.4988620941899669,0.35487522128863846,0.868551754631721,0.8476764063881064,78.9,1.2,Critical
Aravalli,2016,0.4717519460345544,542.26,33.23743169398907,inland,0.4430652462237046,796.360909090909,31.86083563977007,-0.028686699810849814,254.100909090909,1.3765960542190037,0.2977886911876759,0.8266013527807479,0.8181560287950569,49.0,0.8,Moderate
BanasKantha,2016,0.3994281374657016,650.92,32.59928961748634,inland,0.3990388091449443,827.9990909090909,31.408053558463394,-0.0003893283207573317,177.07909090909095,1.1912360590229483,0.39542014694307676,0.7862332927384759,0.7734020067450018,50.1,0.8,High
Bharuch,2016,0.4480287109982162,1036.9,34.36704918032787,canal,0.3841447975698467,1378.729090909091,33.59115349131742,-0.06388391342836947,341.82909090909084,0.7758956890104471,0.17635143312943535,0.8725807466023249,0.6731206485255179,65.3,1.2,High
Bhavnagar,2016,0.3939301354669401,610.98,33.90688524590164,coastal,0.3270399994434892,871.0754545454546,32.94496585381831,-0.0668901360234509,260.0954545454546,0.9619193920833311,0.1659793783120704,0.8297431660558381,0.7180349187290267,80.4,1.5,Critical
Botad,2016,0.4154804331453677,610.98,33.90688524590164,canal,0.38425720179685496,871.0754545454546,32.94496585381831,-0.031223231348512737,260.0954545454546,0.9619193920833311,0.2890371622098618,0.8297431660558381,0.7180349187290267,70.3,1.2,High
ChhotaUdaipur,2016,0.5517097327740821,726.82,33.751311475409835,hilly,0.47365128077702406,1053.0963636363635,32.62040675171823,-0.07805845199705802,326.2763636363635,1.1309047236916072,0.1274465079632705,0.8644293754300102,0.7588353797396858,38.0,0.7,Moderate
Dahod,2016,0.4603714843767463,895.8,31.83234972677596,hilly,0.4044113949969596,1012.0318181818183,30.858593319249056,-0.05596008937978669,116.23181818181831,0.9737564075269027,0.20369017295845618,0.7543425062464625,0.7208928927466033,36.8,0.7,Moderate
DevbhumiDwarka,2016,0.2482933509671354,318.96,26.053005464480872,coastal,0.24366843680821057,897.2345454545455,25.966253555187983,-0.0046249141589248255,578.2745454545454,0.08675190929288945,0.38080654894504234,0.9965046493500059,0.5067311539610826,94.2,1.5,Critical
Gandhinagar,2016,0.4541561969051424,551.92,33.84185792349727,inland,0.4328033771116592,819.3454545454545,32.431843921106214,-0.02135281979348319,267.4254545454545,1.4100140023910583,0.32309200894217627,0.8335849070987638,0.8262245852695963,50.2,0.8,High
GirSomnath,2016,0.4501875559500329,702.26,32.207978142076506,coastal,0.4462015044259074,948.6281818181818,31.372652702488768,-0.003986051524125511,246.36818181818182,0.8353254395877379,0.3830107497516447,0.8225485375369024,0.6874695934796443,91.9,1.5,Critical
Jamnagar,2016,0.3682114763693014,383.22,31.148907103825135,coastal,0.30878202076929206,811.3136363636364,30.099657773920068,-0.05942945560000934,428.0936363636364,1.0492493299050665,0.1917201822210641,0.9177930310255253,0.7391201909786833,87.4,1.5,Critical
Junagadh,2016,0.480479798721095,647.25,34.0227868852459,coastal,0.41041453730462313,957.8809090909091,32.96623289279027,-0.07006526141647185,310.6309090909091,1.0565539924556262,0.15502457586919655,0.8562294047802829,0.740883856480024,82.0,1.5,Critical
Kachchh,2016,0.1706814096381114,228.86,33.598251366120216,coastal,0.13994267516176054,599.8054545454546,32.19571349415612,-0.030738734476350865,370.9454545454546,1.4025378719640997,0.29070877100061693,0.8878409825099058,0.8244195199121911,95.0,1.5,Critical
Kheda,2016,0.4738220078507772,551.92,33.84185792349727,canal,0.4564804347166025,819.3454545454545,32.431843921106214,-0.017341573134174726,267.4254545454545,1.4100140023910583,0.33693159297843167,0.8335849070987638,0.8262245852695963,76.0,1.2,Critical
Mahesana,2016,0.4459194881016567,562.34,33.392732240437155,inland,0.43794096053540876,793.3772727272727,32.083054895923745,-0.00797852756624795,231.0372727272727,1.3096773445134104,0.3692359280090157,0.8145134239380063,0.8019989210730931,50.7,0.8,High
Mahisagar,2016,0.4599607458940128,682.57,33.27393442622951,hilly,0.41866962812429553,935.9290909090909,32.075187107973996,-0.04129111776971728,253.3590909090908,1.1987473182555135,0.25430098863888606,0.8262125569614465,0.775215553734806,40.9,0.7,Moderate
Morbi,2016,0.3458111711322422,324.24,33.45393442622951,coastal,0.3276175715128174,708.96,32.079326766130045,-0.018193599619424794,384.72,1.3746076600994641,0.3339919352746677,0.8950603872330127,0.8176759433581968,97.7,1.5,Critical
Narmada,2016,0.5094477290494887,812.75,33.632295081967214,canal,0.4113918090322688,1153.2536363636364,32.64504484586451,-0.09805592001721986,340.50363636363636,0.9872502361027031,0.05845133945745917,0.8718860599546026,0.7241508940266652,61.1,1.2,High
Navsari,2016,0.5323370707733757,1388.96,34.2712568306011,inland,0.482646483411377,1621.3572727272729,33.74819330942282,-0.04969058736199866,232.39727272727282,0.5230635211782797,0.22532117883023398,0.8152262162733923,0.612075888559076,42.3,0.8,Moderate
PanchMahals,2016,0.5062569019072833,682.57,33.27393442622951,hilly,0.44981767634710096,935.9290909090909,32.075187107973996,-0.05643922556018238,253.3590909090908,1.1987473182555135,0.20203705960079002,0.8262125569614465,0.775215553734806,39.5,0.7,Moderate
Patan,2016,0.3524355161134866,478.56,33.29765027322404,inland,0.3468958326288714,729.1409090909091,32.10017941075318,-0.005539683484615199,250.58090909090907,1.1974708624708654,0.3776504161933199,0.8247564785009254,0.7749073613965852,50.7,0.8,High
Porbandar,2016,0.3608175176672781,474.02,28.2696174863388,coastal,0.3176866331264165,971.7236363636363,27.898721005770184,-0.043130884540861614,497.7036363636363,0.37089648056861435,0.2479534341255588,0.9542764681330369,0.5753360996767255,86.6,1.5,Critical
Rajkot,2016,0.4306347652169687,440.3,33.36639344262295,coastal,0.3538280959425513,827.0236363636363,32.09266124585797,-0.07680666927441737,386.72363636363633,1.273732196764982,0.13176540272505627,0.8961105171174985,0.7933201879234503,84.7,1.5,Critical
SabarKantha,2016,0.4696578140967461,542.26,33.23743169398907,inland,0.44923536486559895,796.360909090909,31.86083563977007,-0.020422449231147166,254.100909090909,1.3765960542190037,0.32630196900594544,0.8266013527807479,0.8181560287950569,49.9,0.8,Moderate
Surat,2016,0.4753681934648938,1388.96,34.2712568306011,inland,0.4245264208493553,1621.3572727272729,33.74819330942282,-0.05084177261553846,232.39727272727282,0.5230635211782797,0.2213493649751347,0.8152262162733923,0.612075888559076,42.2,0.8,Moderate
Surendranagar,2016,0.3211181844385128,521.49,33.87830601092896,canal,0.32574235757236847,798.2736363636363,32.78707904117741,0.004624173133855658,276.78363636363633,1.0912269697515526,0.412717705679833,0.8384896425937256,0.749255431958334,77.5,1.2,Critical
Tapi,2016,0.4337711926658901,1388.96,34.2712568306011,hilly,0.3784417127847622,1621.3572727272729,33.74819330942282,-0.05532947988112791,232.39727272727282,0.5230635211782797,0.20586589883422513,0.8152262162733923,0.612075888559076,36.4,0.7,Moderate
TheDangs,2016,0.5845309720651114,1242.71,32.86726775956284,hilly,0.4696134631985778,1402.8527272727272,32.27979575069739,-0.11491750886653362,160.14272727272714,0.5874720088654541,0.00027556626651403793,0.7773567411286896,0.6276269187320841,30.0,0.7,Moderate
Vadodara,2016,0.5339231927953736,635.29,34.05131147540984,inland,0.4888042075723847,969.4318181818181,32.55244938121987,-0.045118985222988905,334.14181818181817,1.4988620941899669,0.24109409866210943,0.868551754631721,0.8476764063881064,49.0,0.8,Moderate
Valsad,2016,0.4922142792899225,1927.69,34.12945355191257,hilly,0.44655564537919773,1914.9845454545457,33.660969194739685,-0.04565863391072478,-12.705454545454359,0.4684843571728834,0.23923220534107814,0.6867649329041335,0.5988980876706615,34.0,0.7,Moderate
Ahmadabad,2017,0.3406496730044442,860.9,33.11934065934066,inland,0.33494606224063345,819.3454545454545,32.431843921106214,-0.0057036107638107625,-41.55454545454552,0.6874967382344437,0.3770848350787811,0.6716447778432125,0.6517772697233848,43.9,0.8,Moderate
Amreli,2017,0.4097807752513198,805.38,33.55417582417582,coastal,0.3653684670564672,878.4136363636363,32.98440611301267,-0.04441230819485259,73.03363636363633,0.5697697111631541,0.24353227236421476,0.7317018202886619,0.6233528086639035,76.4,1.5,Critical
Anand,2017,0.4435414736727942,922.32,33.44175824175824,canal,0.44047806818284696,969.4318181818181,32.55244938121987,-0.003063405489947213,47.11181818181808,0.8893088605383639,0.38619405868531415,0.7181158840244942,0.700503555899671,69.7,1.2,High
Aravalli,2017,0.4506009043580111,886.8,32.696978021978026,inland,0.4430652462237046,796.360909090909,31.86083563977007,-0.007535658134306511,-90.43909090909096,0.8361423822079566,0.37076391400464603,0.6460238004028993,0.6876668392121996,43.7,0.8,Moderate
BanasKantha,2017,0.4056798053237104,938.55,32.21543956043956,inland,0.3990388091449443,827.9990909090909,31.408053558463394,-0.006640996178766123,-110.55090909090904,0.8073860019761696,0.37385067240406006,0.6354829549244614,0.6807237894262308,43.4,0.8,Moderate
Bharuch,2017,0.4246112233166885,1145.0,34.46016483516483,canal,0.3841447975698467,1378.729090909091,33.59115349131742,-0.04046642574684178,233.72909090909093,0.8690113438474114,0.25714633711131896,0.8159242381793684,0.6956028462908503,67.5,1.2,High
Bhavnagar,2017,0.3592593480293232,842.88,33.4589010989011,coastal,0.3270399994434892,871.0754545454546,32.94496585381831,-0.03221934858583397,28.195454545454595,0.5139352450827914,0.2856003632825561,0.7082015906323079,0.6098719228693683,77.2,1.5,Critical
Botad,2017,0.4080321299043304,842.88,33.4589010989011,canal,0.38425720179685496,871.0754545454546,32.94496585381831,-0.023774928107475446,28.195454545454595,0.5139352450827914,0.3147352624233302,0.7082015906323079,0.6098719228693683,63.1,1.2,High
ChhotaUdaipur,2017,0.5039717724323723,903.29,33.76686813186813,hilly,0.47365128077702406,1053.0963636363635,32.62040675171823,-0.03032049165534828,149.80636363636359,1.1464613801499013,0.2921517903809867,0.7719393287935705,0.7625914380273613,40.4,0.7,Moderate
Dahod,2017,0.4297072473793629,835.73,31.954175824175824,hilly,0.4044113949969596,1012.0318181818183,30.858593319249056,-0.025295852382403283,176.30181818181825,1.0955825049267673,0.3094877767652746,0.7858259147660461,0.7503070489324559,41.0,0.7,Moderate
DevbhumiDwarka,2017,0.244210243277746,507.6,25.899780219780222,coastal,0.24366843680821057,897.2345454545455,25.966253555187983,-0.0005418064695354163,389.63454545454545,-0.06647333540776046,0.39489406756353773,0.8976361595358846,0.46973586825930624,88.4,1.5,Critical
Gandhinagar,2017,0.4355766444850266,860.9,33.11934065934066,inland,0.4328033771116592,819.3454545454545,32.431843921106214,-0.0027732673733673607,-41.55454545454552,0.6874967382344437,0.3871950918272701,0.6716447778432125,0.6517772697233848,44.2,0.8,Moderate
GirSomnath,2017,0.4309665944483121,805.41,31.894725274725275,coastal,0.4462015044259074,948.6281818181818,31.372652702488768,0.015234909977595301,143.21818181818185,0.5220725722365067,0.4493268191819289,0.7684863835699463,0.6118366300786057,90.2,1.5,Critical
Jamnagar,2017,0.3318011023733572,680.66,30.66428571428571,coastal,0.30878202076929206,811.3136363636364,30.099657773920068,-0.023019081604065128,130.65363636363645,0.5646279403656429,0.3173430804138251,0.7619011543805284,0.6221113599715642,82.4,1.5,Critical
Junagadh,2017,0.4157709052138703,837.11,33.66098901098901,coastal,0.41041453730462313,957.8809090909091,32.96623289279027,-0.0053563679092471506,120.77090909090907,0.6947561181987396,0.3782828907145696,0.7567214983123595,0.6535300020249162,86.9,1.5,Critical
Kachchh,2017,0.1911319306873719,506.03,32.935164835164834,coastal,0.13994267516176054,599.8054545454546,32.19571349415612,-0.05118925552561135,93.77545454545464,0.7394513410087171,0.22015048110097638,0.7425728563342274,0.6643213865685667,77.1,1.5,Critical
Kheda,2017,0.4580179405890324,860.9,33.11934065934066,canal,0.4564804347166025,819.3454545454545,32.431843921106214,-0.0015375058724299007,-41.55454545454552,0.6874967382344437,0.3914587102465725,0.6716447778432125,0.6517772697233848,66.6,1.2,High
Mahesana,2017,0.4504467004565375,877.99,32.81153846153846,inland,0.43794096053540876,793.3772727272727,32.083054895923745,-0.012505739921128745,-84.61272727272728,0.7284835656147166,0.3536161615980047,0.6490774675669959,0.6616732851737432,42.7,0.8,Moderate
Mahisagar,2017,0.4299972371591747,846.65,33.10076923076923,hilly,0.41866962812429553,935.9290909090909,32.075187107973996,-0.011327609034879171,89.27909090909088,1.0255821227952353,0.35768094314618554,0.7402162581451772,0.733405890502271,41.0,0.7,Moderate
Morbi,2017,0.3398701420863497,772.53,32.699340659340656,coastal,0.3276175715128174,708.96,32.079326766130045,-0.012252570573532295,-63.569999999999936,0.6200138932106114,0.35448964527005317,0.6601062136814201,0.6354839550251261,79.8,1.5,Critical
Narmada,2017,0.4674637268764106,942.27,33.8389010989011,canal,0.4113918090322688,1153.2536363636364,32.64504484586451,-0.05607191784414178,210.98363636363638,1.1938562530365857,0.2033043429256667,0.8040030722493174,0.7740346363506388,66.7,1.2,High
Navsari,2017,0.5066650079247231,1406.5,34.2760989010989,inland,0.482646483411377,1621.3572727272729,33.74819330942282,-0.02401852451334613,214.85727272727286,0.5279055916760811,0.3138948072690321,0.8060332915949588,0.6132449764714776,44.9,0.8,Moderate
PanchMahals,2017,0.4708323342565982,846.65,33.10076923076923,hilly,0.44981767634710096,935.9290909090909,32.075187107973996,-0.021014657909497247,89.27909090909088,1.0255821227952353,0.3242587334567163,0.7402162581451772,0.733405890502271,40.0,0.7,Moderate
Patan,2017,0.3592169517052608,954.03,32.69401098901099,inland,0.3468958326288714,729.1409090909091,32.10017941075318,-0.012321119076389386,-224.8890909090909,0.593831578257813,0.35425313955339555,0.5755569404818401,0.6291623973477014,40.0,0.8,Moderate
Porbandar,2017,0.3236514358830907,586.69,28.126373626373628,coastal,0.3176866331264165,971.7236363636363,27.898721005770184,-0.0059648027566742146,385.0336363636362,0.22765262060344327,0.37618367171440853,0.8952247678183791,0.5407507574585428,89.8,1.5,Critical
Rajkot,2017,0.3611570402805587,881.57,32.706538461538464,coastal,0.3538280959425513,827.0236363636363,32.09266124585797,-0.007328944338007404,-54.54636363636371,0.6138772156804961,0.37147711695582736,0.6648356098853244,0.6340022922682493,81.0,1.5,Critical
SabarKantha,2017,0.4547417298031297,886.8,32.696978021978026,inland,0.44923536486559895,796.360909090909,31.86083563977007,-0.005506364937530761,-90.43909090909096,0.8361423822079566,0.3777653716850923,0.6460238004028993,0.6876668392121996,43.9,0.8,Moderate
Surat,2017,0.4516588024316761,1406.5,34.2760989010989,inland,0.4245264208493553,1621.3572727272729,33.74819330942282,-0.027132381582320786,214.85727272727286,0.5279055916760811,0.3031513925047073,0.8060332915949588,0.6132449764714776,44.5,0.8,Moderate
Surendranagar,2017,0.3252253104434853,886.29,33.27236263736263,canal,0.32574235757236847,798.2736363636363,32.78707904117741,0.0005170471288831746,-88.01636363636362,0.48528359618522643,0.3985473191838038,0.6472935808666718,0.6029541598149628,64.4,1.2,High
Tapi,2017,0.4166635394226088,1406.5,34.2760989010989,hilly,0.3784417127847622,1621.3572727272729,33.74819330942282,-0.03822182663784662,214.85727272727286,0.5279055916760811,0.26489064222019454,0.8060332915949588,0.6132449764714776,37.9,0.7,Moderate
TheDangs,2017,0.4585849400872878,1172.65,33.02395604395604,hilly,0.4696134631985778,1402.8527272727272,32.27979575069739,0.01102852311128999,230.2027272727271,0.744160293258652,0.4348139633369409,0.814076028641292,0.6654583339050366,43.8,0.7,Moderate
Vadodara,2017,0.5080250656040387,922.32,33.44175824175824,inland,0.4888042075723847,969.4318181818181,32.55244938121987,-0.01922085803165402,47.11181818181808,0.8893088605383639,0.33044769321465745,0.7181158840244942,0.700503555899671,44.7,0.8,Moderate
Valsad,2017,0.4811656596301351,1804.34,33.89851648351648,hilly,0.44655564537919773,1914.9845454545457,33.660969194739685,-0.03461001425093735,110.64454545454578,0.23754728877679554,0.2773521000405014,0.7514141494996163,0.5431397637656471,35.7,0.7,Moderate
Ahmadabad,2018,0.3295153926035969,477.09,34.38291208791208,inland,0.33494606224063345,819.3454545454545,32.431843921106214,0.005430669637036534,342.2554545454545,1.951068166805868,0.4155002760572533,0.8728042089053303,0.9568587600217209,56.9,0.8,High
Amreli,2018,0.3298121820527141,585.87,35.105164835164835,coastal,0.3653684670564672,878.4136363636363,32.98440611301267,0.035556285003753074,292.5436363636363,2.1207587221521678,0.519439530090427,0.8467496478920216,0.9978294929332201,100.0,1.5,Critical
Anand,2018,0.4694204926303097,633.43,34.6821978021978,canal,0.44047806818284696,969.4318181818181,32.55244938121987,-0.028942424447462756,336.0018181818182,2.1297484209779256,0.2969063912696859,0.8695266029727635,1.0,80.8,1.2,Critical
Aravalli,2018,0.4655076871646064,433.26,33.642857142857146,inland,0.4430652462237046,796.360909090909,31.86083563977007,-0.02244244094090181,363.100909090909,1.7820215030870763,0.319332603271526,0.8837295620138862,0.9160434907530906,53.3,0.8,High
BanasKantha,2018,0.3712162569592052,442.87,33.17197802197802,inland,0.3990388091449443,827.9990909090909,31.408053558463394,0.02782255218573909,385.1290909090909,1.763924463514627,0.49275664211581827,0.8952747966921863,0.9116740727068207,59.1,0.8,High
Bharuch,2018,0.3893589138871223,1055.26,35.70362637362638,canal,0.3841447975698467,1378.729090909091,33.59115349131742,-0.0052141163172755856,323.46909090909094,2.112472882308957,0.37877368647673326,0.8629580500746147,0.9958289282555286,84.3,1.2,Critical
Bhavnagar,2018,0.3023759753592446,518.91,34.91472527472528,coastal,0.3270399994434892,871.0754545454546,32.94496585381831,0.024664024084244618,352.1654545454546,1.9697594209069678,0.48185910356877637,0.8779981589374442,0.9613716474832199,100.0,1.5,Critical
Botad,2018,0.2982092746744923,518.91,34.91472527472528,canal,0.38425720179685496,871.0754545454546,32.94496585381831,0.08604792712236264,352.1654545454546,1.9697594209069678,0.6936455522026402,0.8779981589374442,0.9613716474832199,99.0,1.2,Critical
ChhotaUdaipur,2018,0.4708980991039664,690.55,34.504615384615384,hilly,0.47365128077702406,1053.0963636363635,32.62040675171823,0.0027531816730576586,362.5463636363636,1.8842086328971561,0.40626241989162515,0.8834389180803398,0.9407159399291652,49.5,0.7,Moderate
Dahod,2018,0.4135086893275634,678.34,32.64076923076923,hilly,0.4044113949969596,1012.0318181818183,30.858593319249056,-0.0090972943306038,333.69181818181823,1.7821759115201736,0.36537596427022595,0.86831590422663,0.9160807717122976,47.5,0.7,Moderate
DevbhumiDwarka,2018,0.2117204940024681,336.62,26.245329670329667,coastal,0.24366843680821057,897.2345454545455,25.966253555187983,0.03194794280574248,560.6145454545455,0.2790761151416845,0.5069900450992588,0.987248831230215,0.5531666415117397,100.0,1.5,Critical
Gandhinagar,2018,0.4385708891284086,477.09,34.38291208791208,inland,0.4328033771116592,819.3454545454545,32.431843921106214,-0.005767512016749354,342.2554545454545,1.951068166805868,0.3768643632815623,0.8728042089053303,0.9568587600217209,55.6,0.8,High
GirSomnath,2018,0.4909666038160413,711.03,33.068351648351644,coastal,0.4462015044259074,948.6281818181818,31.372652702488768,-0.0447650993901339,237.59818181818184,1.6956989458628762,0.2423150738698224,0.8179520751976856,0.8952014443053509,91.1,1.5,Critical
Jamnagar,2018,0.2803585598400861,314.26,31.55598901098901,coastal,0.30878202076929206,811.3136363636364,30.099657773920068,0.028423460929205946,497.05363636363643,1.456331237068941,0.4948298945880968,0.9539357953256834,0.8374075945261462,100.0,1.5,Critical
Junagadh,2018,0.4340368975150135,626.77,35.026648351648355,coastal,0.41041453730462313,957.8809090909091,32.96623289279027,-0.02362236021039038,331.1109090909091,2.060415458858081,0.31526165145204865,0.8669632187719771,0.9832599859952242,100.0,1.5,Critical
Kachchh,2018,0.1257680915336772,168.33,33.79098901098901,coastal,0.13994267516176054,599.8054545454546,32.19571349415612,0.014174583628083326,431.47545454545457,1.595275516832892,0.4456684862828853,0.9195654825546936,0.8709548297518903,100.0,1.5,Critical
Kheda,2018,0.4765355106376199,477.09,34.38291208791208,canal,0.4564804347166025,819.3454545454545,32.431843921106214,-0.020055075921017407,342.2554545454545,1.951068166805868,0.32756947864323477,0.8728042089053303,0.9568587600217209,81.1,1.2,Critical
Mahesana,2018,0.4311217578435731,429.0,33.89065934065934,inland,0.43794096053540876,793.3772727272727,32.083054895923745,0.0068192026918356685,364.3772727272727,1.8076044447355955,0.4202909861609107,0.8843985195265078,0.9222203334608824,56.7,0.8,High
Mahisagar,2018,0.4421336929832313,603.4,33.90010989010989,hilly,0.41866962812429553,935.9290909090909,32.075187107973996,-0.023464064858935763,332.5290909090909,1.8249227821358929,0.3158078013164358,0.8677065048971122,0.9264017386937828,46.3,0.7,Moderate
Morbi,2018,0.2803277270970454,291.24,33.82340659340659,coastal,0.3276175715128174,708.96,32.079326766130045,0.047289844415772,417.72,1.7440798272765434,0.5599226006466085,0.9123560836063482,0.9068827082765663,100.0,1.5,Critical
Narmada,2018,0.4121110127971508,751.33,34.65598901098901,canal,0.4113918090322688,1153.2536363636364,32.64504484586451,-0.0007192037648819927,401.9236363636363,2.0109441651244992,0.3942820122637082,0.904077019689459,0.9713154487273219,86.0,1.2,Critical
Navsari,2018,0.4922110251131315,1288.02,35.7423076923077,inland,0.482646483411377,1621.3572727272729,33.74819330942282,-0.00956454170175447,333.3372727272729,1.9941143828848809,0.3637638696253471,0.8681300826953463,0.9672520021100901,55.3,0.8,High
PanchMahals,2018,0.4650751167359944,603.4,33.90010989010989,hilly,0.44981767634710096,935.9290909090909,32.075187107973996,-0.015257440388893428,332.5290909090909,1.8249227821358929,0.3441222578068082,0.8677065048971122,0.9264017386937828,47.1,0.7,Moderate
Patan,2018,0.3079517152860865,320.47,33.85423076923077,inland,0.3468958326288714,729.1409090909091,32.10017941075318,0.03894411734278491,408.67090909090905,1.7540513584775894,0.5311282130209497,0.9076133463694286,0.9092902726853397,60.6,0.8,High
Porbandar,2018,0.3009215741013406,386.78,28.517252747252748,coastal,0.3176866331264165,971.7236363636363,27.898721005770184,0.016765059025075857,584.9436363636363,0.6185317414825633,0.45460613210611944,1.0,0.6351260986761958,100.0,1.5,Critical
Rajkot,2018,0.3337588241566172,389.96,33.9845054945055,coastal,0.3538280959425513,827.0236363636363,32.09266124585797,0.02006927178593415,437.06363636363636,1.89184424864753,0.46600631116801977,0.9224943157670047,0.9425595120294803,100.0,1.5,Critical
SabarKantha,2018,0.463200211271271,433.26,33.642857142857146,inland,0.44923536486559895,796.360909090909,31.86083563977007,-0.013964846405672027,363.100909090909,1.7820215030870763,0.3485819593846301,0.8837295620138862,0.9160434907530906,54.2,0.8,High
Surat,2018,0.4272305369214799,1288.02,35.7423076923077,inland,0.4245264208493553,1621.3572727272729,33.74819330942282,-0.0027041160721245627,333.3372727272729,1.9941143828848809,0.38743367731603456,0.8681300826953463,0.9672520021100901,56.1,0.8,High
Surendranagar,2018,0.2941540365477677,418.67,34.66197802197802,canal,0.32574235757236847,798.2736363636363,32.78707904117741,0.03158832102460074,379.6036363636363,1.8748989808006158,0.5057492797502047,0.8923788395969485,0.9384681821281025,89.9,1.2,Critical
Tapi,2018,0.3975551554161812,1288.02,35.7423076923077,hilly,0.3784417127847622,1621.3572727272729,33.74819330942282,-0.01911344263141901,333.3372727272729,1.9941143828848809,0.3308182973147296,0.8681300826953463,0.9672520021100901,47.5,0.7,Moderate
TheDangs,2018,0.4936190570334718,1011.05,34.17686813186813,hilly,0.4696134631985778,1402.8527272727272,32.27979575069739,-0.024005593834894035,391.8027272727272,1.8970723811707444,0.3139394206339739,0.8987725296695046,0.9438218122252537,47.3,0.7,Moderate
Vadodara,2018,0.5068775089156159,633.43,34.6821978021978,inland,0.4888042075723847,969.4318181818181,32.55244938121987,-0.018073301343231207,336.0018181818182,2.1297484209779256,0.33440698781174727,0.8695266029727635,1.0,55.0,0.8,High
Valsad,2018,0.464001731440036,1472.83,35.50236263736264,hilly,0.44655564537919773,1914.9845454545457,33.660969194739685,-0.01744608606083825,442.15454545454577,1.8413934426229517,0.33657100297879194,0.9251625223700539,0.9303784775895578,48.4,0.7,Moderate
Ahmadabad,2019,0.2719379297412744,977.56,30.54576923076923,inland,0.33494606224063345,819.3454545454545,32.431843921106214,0.06300813249935905,-158.2145454545455,-1.886074690336983,0.6141537630045918,0.6105018706034151,0.03040439830172964,37.4,0.8,Moderate
Amreli,2019,0.2543824373233584,1057.07,31.050054945054946,coastal,0.3653684670564672,878.4136363636363,32.98440611301267,0.11098602973310878,-178.6563636363636,-1.9343511679577219,0.7796868745394927,0.5997880681612437,0.018748341979262118,79.0,1.5,Critical
Anand,2019,0.4159120148525908,1275.82,30.837197802197803,canal,0.44047806818284696,969.4318181818181,32.55244938121987,0.024566053330256188,-306.3881818181818,-1.7152515790220697,0.481521085342006,0.5328422880252794,0.0716485798327039,47.6,1.2,Moderate
Aravalli,2019,0.3856584792372592,879.66,29.895714285714288,inland,0.4430652462237046,796.360909090909,31.86083563977007,0.05740676698644537,-83.29909090909098,-1.965121354055782,0.5948279585059184,0.6497659601636755,0.01131907124767667,37.5,0.8,Moderate
BanasKantha,2019,0.3700788969227632,900.18,29.641758241758243,inland,0.3990388091449443,827.9990909090909,31.408053558463394,0.028959912222181083,-72.18090909090904,-1.7662953167051505,0.4966807562730193,0.6555931327985487,0.05932438571859855,35.4,0.8,Moderate
Bharuch,2019,0.2857983453092872,1752.88,32.09263736263736,canal,0.3841447975698467,1378.729090909091,33.59115349131742,0.09834645226055949,-374.1509090909092,-1.498516128680059,0.7360778648047823,0.49732702874230283,0.12397801107473366,59.9,1.2,High
Bhavnagar,2019,0.2249508372356188,1185.48,31.375549450549453,coastal,0.3270399994434892,871.0754545454546,32.94496585381831,0.10208916220787043,-314.4045454545454,-1.569416403268857,0.7489909447618421,0.528640815556407,0.10685957918792954,76.7,1.5,Critical
Botad,2019,0.252791461568063,1185.48,31.375549450549453,canal,0.38425720179685496,871.0754545454546,32.94496585381831,0.13146574022879198,-314.4045454545454,-1.569416403268857,0.850345873727554,0.528640815556407,0.10685957918792954,66.2,1.2,High
ChhotaUdaipur,2019,0.3663157465947513,1428.84,30.833076923076923,hilly,0.47365128077702406,1053.0963636363635,32.62040675171823,0.10733553418227276,-375.74363636363637,-1.7873298286413046,0.7670919522520456,0.49649226124792034,0.054245733175437405,34.6,0.7,Moderate
Dahod,2019,0.3215275232732653,1262.18,29.3306043956044,hilly,0.4044113949969596,1012.0318181818183,30.858593319249056,0.08288387172369432,-250.1481818181818,-1.5279889236446564,0.6827289434013288,0.5623183475415336,0.11686198739159098,34.9,0.7,Moderate
DevbhumiDwarka,2019,0.1733456569270632,1224.67,25.60994505494505,coastal,0.24366843680821057,897.2345454545455,25.966253555187983,0.07032277988114738,-327.4354545454546,-0.3563085002429318,0.6393907244118187,0.5218111595835312,0.39975696399684746,80.7,1.5,Critical
Gandhinagar,2019,0.4020722100641142,977.56,30.54576923076923,inland,0.4328033771116592,819.3454545454545,32.431843921106214,0.030731167047545027,-158.2145454545455,-1.886074690336983,0.5027919311987401,0.6105018706034151,0.03040439830172964,33.8,0.8,Moderate
GirSomnath,2019,0.4002924308580414,932.66,29.936648351648355,coastal,0.4462015044259074,948.6281818181818,31.372652702488768,0.045909073567866,15.968181818181847,-1.4360043508404132,0.5551586716720435,0.7017931301303421,0.13907109241013488,75.4,1.5,Critical
Jamnagar,2019,0.2188881492814592,888.22,28.703516483516484,coastal,0.30878202076929206,811.3136363636364,30.099657773920068,0.08989387148783287,-76.90636363636361,-1.396141290403584,0.706914811055414,0.6531164653123613,0.1486957812966746,82.3,1.5,Critical
Junagadh,2019,0.3143399641263424,1053.35,30.95423076923077,coastal,0.41041453730462313,957.8809090909091,32.96623289279027,0.09607457317828072,-95.46909090909082,-2.0120021235595047,0.7282394384625768,0.6433875169859941,0.0,77.5,1.5,Critical
Kachchh,2019,0.1046030088477376,617.6,30.417417582417585,coastal,0.13994267516176054,599.8054545454546,32.19571349415612,0.03533966631402294,-17.794545454545414,-1.7782959117385317,0.5186921533233098,0.684097679232014,0.0564269164228659,69.2,1.5,High
Kheda,2019,0.4188410347489848,977.56,30.54576923076923,canal,0.4564804347166025,819.3454545454545,32.431843921106214,0.03763939996761767,-158.2145454545455,-1.886074690336983,0.5266266833742281,0.6105018706034151,0.03040439830172964,51.8,1.2,High
Mahesana,2019,0.4032929804949675,877.3,30.25197802197802,inland,0.43794096053540876,793.3772727272727,32.083054895923745,0.034647980040441284,-83.92272727272723,-1.831076873945726,0.516305700650861,0.649439104854802,0.043683280214063536,35.6,0.8,Moderate
Mahisagar,2019,0.3534105980947866,1177.0,30.265054945054946,hilly,0.41866962812429553,935.9290909090909,32.075187107973996,0.06525903002950895,-241.07090909090914,-1.81013216291905,0.6219197988960071,0.567075855207863,0.04874025088418271,32.2,0.7,Moderate
Morbi,2019,0.2750165236988244,835.43,30.195714285714285,coastal,0.3276175715128174,708.96,32.079326766130045,0.052601047813992996,-126.46999999999991,-1.88361248041576,0.5782472892051518,0.6271395681698201,0.030998883627377904,68.8,1.5,High
Narmada,2019,0.293343248162849,1598.11,30.918296703296704,canal,0.4113918090322688,1153.2536363636364,32.64504484586451,0.11804856086941978,-444.85636363636354,-1.726748142567807,0.804053985682565,0.46026945074967096,0.06887280581586935,60.0,1.2,High
Navsari,2019,0.3884970046591789,1998.63,32.44346153846154,inland,0.482646483411377,1621.3572727272729,33.74819330942282,0.09414947875219809,-377.27272727272725,-1.3047317709612756,0.7215974868823439,0.495690846336076,0.17076604324493916,40.4,0.8,Moderate
PanchMahals,2019,0.3720828510097895,1177.0,30.265054945054946,hilly,0.44981767634710096,935.9290909090909,32.075187107973996,0.07773482533731146,-241.07090909090914,-1.81013216291905,0.6649637281893557,0.567075855207863,0.04874025088418271,33.4,0.7,Moderate
Patan,2019,0.2915744810575395,778.32,30.313626373626374,inland,0.3468958326288714,729.1409090909091,32.10017941075318,0.05532135157133189,-49.179090909090974,-1.7865530371268044,0.5876328682162225,0.6676486619896818,0.05443328467235814,38.6,0.8,Moderate
Porbandar,2019,0.22920058461016,983.68,27.055879120879123,coastal,0.3176866331264165,971.7236363636363,27.898721005770184,0.0884860485162565,-11.956363636363676,-0.8428418848910617,0.7020575469731646,0.6871575404471535,0.2822864936205423,88.8,1.5,Critical
Rajkot,2019,0.2519241388403829,998.49,30.133131868131866,coastal,0.3538280959425513,827.0236363636363,32.09266124585797,0.10190395710216843,-171.46636363636367,-1.9595293777261027,0.7483519509920727,0.6035564335225856,0.01266921927555692,77.1,1.5,Critical
SabarKantha,2019,0.4038832358574725,879.66,29.895714285714288,inland,0.44923536486559895,796.360909090909,31.86083563977007,0.04535212900812646,-83.29909090909098,-1.965121354055782,0.5532371042161595,0.6497659601636755,0.01131907124767667,36.1,0.8,Moderate
Surat,2019,0.3458837825979521,1998.63,32.44346153846154,inland,0.4245264208493553,1621.3572727272729,33.74819330942282,0.07864263825140322,-377.27272727272725,-1.3047317709612756,0.6680958599630564,0.495690846336076,0.17076604324493916,38.7,0.8,Moderate
Surendranagar,2019,0.2707610867531023,1062.06,30.99065934065934,canal,0.32574235757236847,798.2736363636363,32.78707904117741,0.05498127081926618,-263.7863636363636,-1.796419700518065,0.5864595232322125,0.5551704126381514,0.05205103994632704,53.0,1.2,High
Tapi,2019,0.2925456243899854,1998.63,32.44346153846154,hilly,0.3784417127847622,1621.3572727272729,33.74819330942282,0.0858960883947768,-377.27272727272725,-1.3047317709612756,0.69312167895104,0.495690846336076,0.17076604324493916,34.5,0.7,Moderate
TheDangs,2019,0.2947721697385993,1813.99,30.93912087912088,hilly,0.4696134631985778,1402.8527272727272,32.27979575069739,0.17484129345997845,-411.13727272727283,-1.3406748715765104,1.0,0.477942031305687,0.16208780436291853,42.5,0.7,Moderate
Vadodara,2019,0.4161880828245475,1275.82,30.837197802197803,inland,0.4888042075723847,969.4318181818181,32.55244938121987,0.07261612474783719,-306.3881818181818,-1.7152515790220697,0.6473032119007183,0.5328422880252794,0.0716485798327039,37.1,0.8,Moderate
Valsad,2019,0.3391232759395461,2326.54,32.46884615384615,hilly,0.44655564537919773,1914.9845454545457,33.660969194739685,0.10743236943965162,-411.55545454545427,-1.1921230408935344,0.7674260527938453,0.4777228571918653,0.19795472321415197,36.7,0.7,Moderate
Ahmadabad,2020,0.3521091879699864,980.85,30.624207650273227,inland,0.33494606224063345,819.3454545454545,32.431843921106214,-0.017163125729352968,-161.50454545454556,-1.8076362708329867,0.33754727136094936,0.6087775420861946,0.04934286855978248,28.8,0.8,Moderate
Amreli,2020,0.3707163118667705,1121.45,31.23540983606557,coastal,0.3653684670564672,878.4136363636363,32.98440611301267,-0.005347844810303315,-243.03636363636372,-1.7489962769470964,0.37831229706977565,0.5660457368729,0.06350113165537885,54.8,1.5,High
Anand,2020,0.4447909204724521,1094.23,30.906612021857924,canal,0.44047806818284696,969.4318181818181,32.55244938121987,-0.004312852289605151,-124.79818181818189,-1.6458373593619484,0.3818832233138295,0.6280157881596428,0.08840821296697654,47.4,1.2,Moderate
Aravalli,2020,0.4548955592302736,952.35,30.364590163934427,inland,0.4430652462237046,796.360909090909,31.86083563977007,-0.011830313006569004,-155.98909090909103,-1.496245475835643,0.3559465163077322,0.6116682580613193,0.12452624613138402,31.0,0.8,Moderate
BanasKantha,2020,0.3988026852601438,1030.55,29.78595628415301,inland,0.3990388091449443,827.9990909090909,31.408053558463394,0.00023612388480048763,-202.55090909090904,-1.6220972743103843,0.3975780791508585,0.5872646498836473,0.09414010937075079,31.0,0.8,Moderate
Bharuch,2020,0.3625295956182048,1705.69,32.52803278688525,canal,0.3841447975698467,1378.729090909091,33.59115349131742,0.021615201951641905,-326.9609090909091,-1.0631207044321727,0.4713400720308293,0.5220598745561725,0.2291015378458307,51.4,1.2,High
Bhavnagar,2020,0.3265270128630318,1089.34,31.27688524590164,coastal,0.3270399994434892,871.0754545454546,32.94496585381831,0.0005129865804573974,-218.26454545454533,-1.6680806079166715,0.39853330949904875,0.5790289443240577,0.08303771845854707,57.4,1.5,High
Botad,2020,0.4176723037825774,1089.34,31.27688524590164,canal,0.38425720179685496,871.0754545454546,32.94496585381831,-0.03341510198572245,-218.26454545454533,-1.6680806079166715,0.2814747806221152,0.5790289443240577,0.08303771845854707,40.3,1.2,Moderate
ChhotaUdaipur,2020,0.4543117945676293,1093.49,31.654480874316945,hilly,0.47365128077702406,1053.0963636363635,32.62040675171823,0.01933948620939474,-40.39363636363646,-0.9659258774012827,0.4634884084627532,0.6722532242418006,0.25256862645624467,33.9,0.7,Moderate
Dahod,2020,0.4112535608823808,1014.01,29.640546448087434,hilly,0.4044113949969596,1012.0318181818183,30.858593319249056,-0.006842165885421192,-1.9781818181817243,-1.2180468711616221,0.37315659764444864,0.6923872253891296,0.19169557506186197,30.8,0.7,Moderate
DevbhumiDwarka,2020,0.2639383172616725,1114.02,25.39076502732241,coastal,0.24366843680821057,897.2345454545455,25.966253555187983,-0.020269880453461925,-216.7854545454545,-0.5754885278655735,0.32682836107290636,0.5798041536353363,0.3468373047209601,63.1,1.5,High
Gandhinagar,2020,0.4337122245910995,980.85,30.624207650273227,inland,0.4328033771116592,819.3454545454545,32.431843921106214,-0.0009088474794402557,-161.50454545454556,-1.8076362708329867,0.3936277044268949,0.6087775420861946,0.04934286855978248,30.6,0.8,Moderate
GirSomnath,2020,0.4571029141631857,1276.36,29.82693989071038,coastal,0.4462015044259074,948.6281818181818,31.372652702488768,-0.010901409737278323,-327.7318181818181,-1.5457128117783867,0.3591514139240551,0.5216558318419966,0.11258266444755072,53.2,1.5,High
Jamnagar,2020,0.3254086426721559,1256.02,28.536284153005465,coastal,0.30878202076929206,811.3136363636364,30.099657773920068,-0.016626621902863847,-444.70636363636356,-1.5633736209146036,0.3393983142967505,0.4603480675513679,0.10831857153652069,48.6,1.5,Moderate
Junagadh,2020,0.4215854877704099,1295.1,31.185355191256832,coastal,0.41041453730462313,957.8809090909091,32.96623289279027,-0.011170950465786755,-337.2190909090908,-1.7808777015334414,0.35822144579189613,0.5166834382510289,0.055803559277826154,50.7,1.5,High
Kachchh,2020,0.1222494753747235,934.82,30.39857923497268,coastal,0.13994267516176054,599.8054545454546,32.19571349415612,0.01769319978703704,-335.01454545454544,-1.7971342591834372,0.45780839892330155,0.517838867003242,0.05187851418513301,56.6,1.5,High
Kheda,2020,0.4676643877762964,980.85,30.624207650273227,canal,0.4564804347166025,819.3454545454545,32.431843921106214,-0.011183953059693885,-161.50454545454556,-1.8076362708329867,0.3581765843045953,0.6087775420861946,0.04934286855978248,44.2,1.2,Moderate
Mahesana,2020,0.4416602099137992,978.02,30.442622950819672,inland,0.43794096053540876,793.3772727272727,32.083054895923745,-0.00371924937839041,-184.64272727272726,-1.6404319451040728,0.38393126923861903,0.5966505430753369,0.0897133167388599,30.8,0.8,Moderate
Mahisagar,2020,0.43325852560275,999.91,30.81349726775956,hilly,0.41866962812429553,935.9290909090909,32.075187107973996,-0.014588897478454488,-63.98090909090911,-1.2616898402144372,0.34642886135844764,0.6598908512913169,0.18115825066641378,29.0,0.7,Moderate
Morbi,2020,0.3514882853341116,1060.41,30.076830601092897,coastal,0.3276175715128174,708.96,32.079326766130045,-0.023870713821294187,-351.45000000000005,-2.0024961650371473,0.31440478301170116,0.5092248478645772,0.002295154770944552,45.7,1.5,Moderate
Narmada,2020,0.369111163438904,1244.91,31.76273224043716,canal,0.4113918090322688,1153.2536363636364,32.64504484586451,0.04228064559336481,-91.65636363636372,-0.8823126054273516,0.5426398868309071,0.6453858131454917,0.27275653277141587,61.3,1.2,High
Navsari,2020,0.4470328257337441,1921.6,32.832513661202185,inland,0.482646483411377,1621.3572727272729,33.74819330942282,0.035613657677632915,-300.24272727272705,-0.9156796482206317,0.5196374770154066,0.5360631945675316,0.26470026708508954,36.9,0.8,Moderate
PanchMahals,2020,0.4596077470962809,999.91,30.81349726775956,hilly,0.44981767634710096,935.9290909090909,32.075187107973996,-0.009790070749179924,-63.98090909090911,-1.2616898402144372,0.36298575038473196,0.6598908512913169,0.18115825066641378,29.5,0.7,Moderate
Patan,2020,0.3507874648982222,890.53,30.440983606557374,inland,0.3468958326288714,729.1409090909091,32.10017941075318,-0.0038916322693507976,-161.3890909090909,-1.6591958041958037,0.3833365146128164,0.6088380532002281,0.08518289925235079,31.0,0.8,Moderate
Porbandar,2020,0.3221684623780956,1316.36,27.081202185792343,coastal,0.3176866331264165,971.7236363636363,27.898721005770184,-0.004481829251679115,-344.6363636363636,-0.8175188199778418,0.38130021980757867,0.5127959565234794,0.2884005907012124,60.6,1.5,High
Rajkot,2020,0.3827517663420671,1176.14,30.10819672131148,coastal,0.3538280959425513,827.0236363636363,32.09266124585797,-0.028923670399515766,-349.11636363636376,-1.984464524546489,0.2969710963962031,0.5104479347127963,0.006648782614234294,44.9,1.5,Moderate
SabarKantha,2020,0.4607954162822921,952.35,30.364590163934427,inland,0.44923536486559895,796.360909090909,31.86083563977007,-0.01156005141669314,-155.98909090909103,-1.496245475835643,0.35687897155233284,0.6116682580613193,0.12452624613138402,31.0,0.8,Moderate
Surat,2020,0.3992542169060448,1921.6,32.832513661202185,inland,0.4245264208493553,1621.3572727272729,33.74819330942282,0.025272203943310534,-300.24272727272705,-0.9156796482206317,0.4839574428093136,0.5360631945675316,0.26470026708508954,35.8,0.8,Moderate
Surendranagar,2020,0.3584470995730393,1037.48,30.94289617486339,canal,0.32574235757236847,798.2736363636363,32.78707904117741,-0.032704742000670806,-239.20636363636368,-1.8441828663140178,0.28392566124455243,0.5680530858762296,0.04051891958264464,38.7,1.2,Moderate
Tapi,2020,0.3304759644982664,1921.6,32.832513661202185,hilly,0.3784417127847622,1621.3572727272729,33.74819330942282,0.0479657482864958,-300.24272727272705,-0.9156796482206317,0.5622546009482118,0.5360631945675316,0.26470026708508954,33.5,0.7,Moderate
TheDangs,2020,0.4133671096661481,1703.89,31.400928961748637,hilly,0.4696134631985778,1402.8527272727272,32.27979575069739,0.05624635353242968,-301.0372727272729,-0.878866788948752,0.5908243055576801,0.5356467637512698,0.2735885038043271,34.5,0.7,Moderate
Vadodara,2020,0.4777261352039455,1094.23,30.906612021857924,inland,0.4888042075723847,969.4318181818181,32.55244938121987,0.011078072368439162,-124.79818181818189,-1.6458373593619484,0.4349849179469394,0.6280157881596428,0.08840821296697654,33.3,0.8,Moderate
Valsad,2020,0.4014319232085026,2083.39,32.849344262295084,hilly,0.44655564537919773,1914.9845454545457,33.660969194739685,0.04512372217069516,-168.40545454545418,-0.8116249324446017,0.5524490560382319,0.6051606927426689,0.28982363331806277,35.4,0.7,Moderate
Ahmadabad,2021,0.3394864043685233,706.77,32.65747252747253,inland,0.33494606224063345,819.3454545454545,32.431843921106214,-0.00454034212788984,112.57545454545448,0.225628606366314,0.3810983389619712,0.7524261621469154,0.5402620717650506,44.1,0.8,Moderate
Amreli,2021,0.3568962981344057,927.55,32.44598901098901,coastal,0.3653684670564672,878.4136363636363,32.98440611301267,0.008472168922061485,-49.136363636363626,-0.5384171020236579,0.4259940423415163,0.6676710558665289,0.3557879707360366,74.0,1.5,High
Anand,2021,0.4361167668637327,943.42,32.31478021978022,canal,0.44047806818284696,969.4318181818181,32.55244938121987,0.004361301319114275,26.01181818181817,-0.23766916143965489,0.4118107466020525,0.7070571205857858,0.4284016970698595,62.3,1.2,High
Aravalli,2021,0.4162040881616133,632.22,32.22884615384615,inland,0.4430652462237046,796.360909090909,31.86083563977007,0.026861158062091273,164.14090909090896,0.36801051407607943,0.48943964470921153,0.7794522362430127,0.5746393009532145,49.0,0.8,Moderate
BanasKantha,2021,0.3868633105420869,636.4,31.725494505494503,inland,0.3990388091449443,827.9990909090909,31.408053558463394,0.012175498602857382,191.59909090909093,0.31744094703110903,0.43877125269142025,0.7938433991427435,0.5624295924009534,47.5,0.8,Moderate
Bharuch,2021,0.3504889261495045,1523.55,32.92335164835165,canal,0.3841447975698467,1378.729090909091,33.59115349131742,0.03365587142034221,-144.82090909090903,-0.6678018429657726,0.5128827322355202,0.6175216362967582,0.3245488269124761,60.3,1.2,High
Bhavnagar,2021,0.3218834937417265,932.64,32.51461538461538,coastal,0.3270399994434892,871.0754545454546,32.94496585381831,0.005156505701762737,-61.564545454545396,-0.43035046920292785,0.4145543569592275,0.6611572964968355,0.3818799894751322,73.9,1.5,High
Botad,2021,0.3837186769033888,932.64,32.51461538461538,canal,0.38425720179685496,871.0754545454546,32.94496585381831,0.0005385248934661746,-61.564545454545396,-0.43035046920292785,0.3986214216644298,0.6611572964968355,0.3818799894751322,58.4,1.2,High
ChhotaUdaipur,2021,0.4397151716863793,1030.55,32.153296703296704,hilly,0.47365128077702406,1053.0963636363635,32.62040675171823,0.03393610909064476,22.546363636363594,-0.4671100484215245,0.5138496069050886,0.7052408342338532,0.37300461689455056,38.2,0.7,Moderate
Dahod,2021,0.3730742153625722,984.6,30.57016483516484,hilly,0.4044113949969596,1012.0318181818183,30.858593319249056,0.031337179634387424,27.431818181818244,-0.28842848408421773,0.5048827929270188,0.7078013596418506,0.4161461732041092,38.8,0.7,Moderate
DevbhumiDwarka,2021,0.2568085403245499,706.47,25.76274725274725,coastal,0.24366843680821057,897.2345454545455,25.966253555187983,-0.013140103516339346,190.76454545454544,-0.20350630244073287,0.3514274833562703,0.7934060038460293,0.43665010764687495,79.1,1.5,Critical
Gandhinagar,2021,0.4210748301133294,706.77,32.65747252747253,inland,0.4328033771116592,819.3454545454545,32.431843921106214,0.011728546998329814,112.57545454545448,0.225628606366314,0.4372291824034602,0.7524261621469154,0.5402620717650506,45.9,0.8,Moderate
GirSomnath,2021,0.4299203945604616,967.84,30.833241758241755,coastal,0.4462015044259074,948.6281818181818,31.372652702488768,0.016281109865445786,-19.211818181818217,-0.5394109442470132,0.45293641303052157,0.6833548695723438,0.3555480136906597,76.4,1.5,Critical
Jamnagar,2021,0.304521212244688,825.6,29.409010989010987,coastal,0.30878202076929206,811.3136363636364,30.099657773920068,0.004260808524604087,-14.286363636363603,-0.6906467849090809,0.4114640268431381,0.6859363594607937,0.31903305726443715,72.7,1.5,High
Junagadh,2021,0.4046922452323436,993.98,32.308516483516485,coastal,0.41041453730462313,957.8809090909091,32.96623289279027,0.005722292072279533,-36.09909090909093,-0.6577164092737888,0.4165064303883606,0.6745040470976584,0.3269838923717625,72.7,1.5,High
Kachchh,2021,0.1211964205336809,631.83,31.79912087912088,coastal,0.13994267516176054,599.8054545454546,32.19571349415612,0.018746254628079634,-32.02454545454543,-0.39659261503523524,0.4614416436986072,0.6766395653110273,0.3900306141457116,77.8,1.5,Critical
Kheda,2021,0.448594385376644,706.77,32.65747252747253,canal,0.4564804347166025,819.3454545454545,32.431843921106214,0.007886049339958512,112.57545454545448,0.225628606366314,0.42397181536303186,0.7524261621469154,0.5402620717650506,68.2,1.2,High
Mahesana,2021,0.4259605180195788,624.29,32.41428571428571,inland,0.43794096053540876,793.3772727272727,32.083054895923745,0.01198044251582997,169.08727272727276,0.33123081836196633,0.4380982711130038,0.7820446848371538,0.5657590713694647,47.2,0.8,Moderate
Mahisagar,2021,0.3946977430539374,866.0,31.863406593406594,hilly,0.41866962812429553,935.9290909090909,32.075187107973996,0.023971885070358134,69.92909090909086,-0.2117805145674012,0.4794710888538936,0.730074690726267,0.4346523504092786,38.9,0.7,Moderate
Morbi,2021,0.3338502159010376,687.55,31.499450549450547,coastal,0.3276175715128174,708.96,32.079326766130045,-0.006232644388220188,21.410000000000082,-0.579876216679498,0.37525956579846187,0.7046452524028155,0.3457779244500475,72.5,1.5,High
Narmada,2021,0.3621997990981016,1180.77,32.10384615384615,canal,0.4113918090322688,1153.2536363636364,32.64504484586451,0.04919200993416717,-27.51636363636362,-0.5411986920183622,0.5664854430192179,0.6790023575511202,0.35511637307104127,66.4,1.2,High
Navsari,2021,0.4705782702238215,1731.87,33.06318681318681,inland,0.482646483411377,1621.3572727272729,33.74819330942282,0.012068213187555521,-110.51272727272703,-0.6850064962360065,0.4384010970647427,0.6355029664739843,0.3203948700082089,38.2,0.8,Moderate
PanchMahals,2021,0.4339633470797696,866.0,31.863406593406594,hilly,0.44981767634710096,935.9290909090909,32.075187107973996,0.01585432926733138,69.92909090909086,-0.2117805145674012,0.4514639366524008,0.730074690726267,0.4346523504092786,38.1,0.7,Moderate
Patan,2021,0.3407957547896404,549.51,32.395054945054945,inland,0.3468958326288714,729.1409090909091,32.10017941075318,0.0061000778392309996,179.63090909090909,0.2948755343017666,0.4178098650343685,0.7875707312982542,0.5569813133492119,46.6,0.8,Moderate
Porbandar,2021,0.3096195672166574,1080.94,27.56087912087912,coastal,0.3176866331264165,971.7236363636363,27.898721005770184,0.008067065909759086,-109.21636363636378,-0.3378418848910627,0.4245963578662699,0.636182406226832,0.4042156138245694,74.0,1.5,High
Rajkot,2021,0.3535372988676157,851.29,31.384175824175824,coastal,0.3538280959425513,827.0236363636363,32.09266124585797,0.00029079707493562257,-24.26636363636362,-0.7084854216821448,0.39776671232993505,0.680705721587888,0.31472602897259777,71.4,1.5,High
SabarKantha,2021,0.4267490771529234,632.22,32.22884615384615,inland,0.44923536486559895,796.360909090909,31.86083563977007,0.02248628771267558,164.14090909090896,0.36801051407607943,0.4743454879567323,0.7794522362430127,0.5746393009532145,48.5,0.8,Moderate
Surat,2021,0.4029459318079613,1731.87,33.06318681318681,inland,0.4245264208493553,1621.3572727272729,33.74819330942282,0.021580489041394035,-110.51272727272703,-0.6850064962360065,0.47122030571394036,0.6355029664739843,0.3203948700082089,39.3,0.8,Moderate
Surendranagar,2021,0.3360996575144878,754.97,32.652307692307694,canal,0.32574235757236847,798.2736363636363,32.78707904117741,-0.010357299942119313,43.303636363636315,-0.13477134886971243,0.36102869893657813,0.7161199701923207,0.4532457361937644,61.0,1.2,High
Tapi,2021,0.3524882693162524,1731.87,33.06318681318681,hilly,0.3784417127847622,1621.3572727272729,33.74819330942282,0.025953443468509807,-110.51272727272703,-0.6850064962360065,0.4863078521604651,0.6355029664739843,0.3203948700082089,34.8,0.7,Moderate
TheDangs,2021,0.4516800464362705,1422.57,31.794945054945057,hilly,0.4696134631985778,1402.8527272727272,32.27979575069739,0.017933416762307253,-19.717272727272757,-0.484850695752332,0.4586371943823074,0.6830899547738982,0.368721247546243,36.0,0.7,Moderate
Vadodara,2021,0.4609025463839928,943.42,32.31478021978022,inland,0.4888042075723847,969.4318181818181,32.55244938121987,0.02790166118839188,26.01181818181817,-0.23766916143965489,0.49302958361835514,0.7070571205857858,0.4284016970698595,44.1,0.8,Moderate
Valsad,2021,0.4310046075978013,1972.68,33.01467032967033,hilly,0.44655564537919773,1914.9845454545457,33.660969194739685,0.015551037781396437,-57.69545454545437,-0.6462988650693546,0.4504175218184147,0.6631851335151528,0.3297405876583709,34.6,0.7,Moderate
Ahmadabad,2022,0.350165788791652,786.92,32.59637362637363,inland,0.33494606224063345,819.3454545454545,32.431843921106214,-0.015219726551018553,32.4254545454545,0.1645297052674124,0.344252377909841,0.7104185844401627,0.5255101207622349,41.4,0.8,Moderate
Amreli,2022,0.3516130909518608,845.75,33.028076923076924,coastal,0.3653684670564672,878.4136363636363,32.98440611301267,0.01375537610460642,32.66363636363633,0.043670810064256216,0.4442221384906532,0.7105434183919482,0.4963294895524298,82.6,1.5,Critical
Anand,2022,0.4567338506957499,925.05,32.347747252747254,canal,0.44047806818284696,969.4318181818181,32.55244938121987,-0.01625578251290294,44.381818181818176,-0.20470212847261848,0.3406777825860933,0.7166850582336093,0.43636138286274645,59.5,1.2,High
Aravalli,2022,0.4482053328015185,833.59,31.821373626373624,inland,0.4430652462237046,796.360909090909,31.86083563977007,-0.005140086577813896,-37.22909090909104,-0.03946201339644517,0.3790291035297047,0.6739118005248744,0.4762575845531426,40.5,0.8,Moderate
BanasKantha,2022,0.4161028464173258,899.27,31.317032967032965,inland,0.3990388091449443,827.9990909090909,31.408053558463394,-0.017064037272381538,-71.27090909090907,-0.09102059143042851,0.3378891458812052,0.6560700747288437,0.4638090854270945,38.5,0.8,Moderate
Bharuch,2022,0.3864479738836325,1461.68,33.01456043956044,canal,0.3841447975698467,1378.729090909091,33.59115349131742,-0.002303176313785793,-82.95090909090914,-0.57659305175698,0.38881699775237044,0.6499484464367055,0.3465706242727947,56.4,1.2,High
Bhavnagar,2022,0.3354028364260125,793.48,32.82208791208791,coastal,0.3270399994434892,871.0754545454546,32.94496585381831,-0.00836283698252327,77.59545454545457,-0.12287794173040112,0.3679099854993164,0.7340927239911799,0.45611732563678326,77.7,1.5,Critical
Botad,2022,0.396552289360233,793.48,32.82208791208791,canal,0.38425720179685496,871.0754545454546,32.94496585381831,-0.012295087563378049,77.59545454545457,-0.12287794173040112,0.35434295335506627,0.7340927239911799,0.45611732563678326,61.5,1.2,High
ChhotaUdaipur,2022,0.4961393299214932,1057.47,32.254065934065935,hilly,0.47365128077702406,1053.0963636363635,32.62040675171823,-0.022488049144469113,-4.373636363636479,-0.36634081765229354,0.3191752460657437,0.6911317388893019,0.39733472313480583,32.8,0.7,Moderate
Dahod,2022,0.4180268092618767,1039.3,30.268186813186816,hilly,0.4044113949969596,1012.0318181818183,30.858593319249056,-0.01361541426491708,-27.268181818181688,-0.5904065060622408,0.34978756848516357,0.6791324326230188,0.343235451341272,32.4,0.7,Moderate
DevbhumiDwarka,2022,0.2790366535211631,946.19,25.73675824175824,coastal,0.24366843680821057,897.2345454545455,25.966253555187983,-0.03536821671295251,-48.955454545454586,-0.22949531342974439,0.2747361535328978,0.66776587249403,0.4303752220134829,67.7,1.5,High
Gandhinagar,2022,0.435219486086376,786.92,32.59637362637363,inland,0.4328033771116592,819.3454545454545,32.431843921106214,-0.0024161089747167797,32.4254545454545,0.1645297052674124,0.38842735802583667,0.7104185844401627,0.5255101207622349,42.8,0.8,Moderate
GirSomnath,2022,0.4424534104415131,1014.83,31.11587912087912,coastal,0.4462015044259074,948.6281818181818,31.372652702488768,0.003748093984394296,-66.20181818181823,-0.2567735816096466,0.4096950615890625,0.6587268461607367,0.42378905322167104,75.1,1.5,Critical
Jamnagar,2022,0.3247612415986545,872.83,30.072967032967032,coastal,0.30878202076929206,811.3136363636364,30.099657773920068,-0.01597922082936243,-61.51636363636362,-0.02669074095303614,0.34163197438371945,0.6611825491664715,0.47934112913316396,73.2,1.5,High
Junagadh,2022,0.4010811332818659,981.33,32.940494505494506,coastal,0.41041453730462313,957.8809090909091,32.96623289279027,0.00933340402275723,-23.449090909090955,-0.025738387295767495,0.42896547156624176,0.6811340640407704,0.4795710690213894,79.5,1.5,Critical
Kachchh,2022,0.1369215622767634,797.7,32.29087912087912,coastal,0.13994267516176054,599.8054545454546,32.19571349415612,0.0030211128849971514,-197.89454545454544,0.0951656267230021,0.407186834877417,0.5897051059945074,0.5087625938895953,74.5,1.5,High
Kheda,2022,0.4594854556684575,786.92,32.59637362637363,canal,0.4564804347166025,819.3454545454545,32.431843921106214,-0.0030050209518550086,32.4254545454545,0.1645297052674124,0.38639549673935897,0.7104185844401627,0.5255101207622349,64.1,1.2,High
Mahesana,2022,0.4467156960572153,810.67,32.14928571428572,inland,0.43794096053540876,793.3772727272727,32.083054895923745,-0.00877473552180652,-17.292727272727234,0.06623081836197287,0.3664888551293869,0.6843606881686003,0.5017764637376498,40.9,0.8,Moderate
Mahisagar,2022,0.413742730724793,930.62,31.766153846153845,hilly,0.41866962812429553,935.9290909090909,32.075187107973996,0.004926897399502528,5.309090909090855,-0.3090332618201508,0.4137621634930944,0.6962065725552081,0.41117127732026393,35.8,0.7,Moderate
Morbi,2022,0.3247292376438035,730.46,32.322637362637366,coastal,0.3276175715128174,708.96,32.079326766130045,0.0028883338690138816,-21.5,0.243310596507321,0.4067287213516164,0.6821556059973662,0.5445312786984156,80.6,1.5,Critical
Narmada,2022,0.4184957544162218,1215.64,32.13884615384615,canal,0.4113918090322688,1153.2536363636364,32.64504484586451,-0.007103945383952981,-62.38636363636374,-0.5061986920183585,0.37225340727082945,0.660726571716629,0.3635669061544896,56.5,1.2,High
Navsari,2022,0.4817634503321137,1867.99,33.06945054945055,inland,0.482646483411377,1621.3572727272729,33.74819330942282,0.0008830330792632957,-246.63272727272715,-0.6787427599722662,0.39981004215912136,0.5641608394940321,0.32190721030885816,35.0,0.8,Moderate
PanchMahals,2022,0.4564654532634663,930.62,31.766153846153845,hilly,0.44981767634710096,935.9290909090909,32.075187107973996,-0.006647776916365367,5.309090909090855,-0.3090332618201508,0.37382727753563066,0.6962065725552081,0.41117127732026393,34.7,0.7,Moderate
Patan,2022,0.3601461639485373,863.78,32.02631868131868,inland,0.3468958326288714,729.1409090909091,32.10017941075318,-0.013250331319665909,-134.6390909090909,-0.07386072943450017,0.3510471759165047,0.6228580495028561,0.46795222775577977,38.0,0.8,Moderate
Porbandar,2022,0.3474662939276297,988.06,27.68785714285714,coastal,0.3176866331264165,971.7236363636363,27.898721005770184,-0.029779660801213192,-16.33636363636367,-0.21086386291304393,0.2940177624068738,0.6848619298376016,0.4348736702701684,69.9,1.5,High
Rajkot,2022,0.3560905939046312,835.15,32.20972527472527,coastal,0.3538280959425513,827.0236363636363,32.09266124585797,-0.00226249796207989,-8.126363636363635,0.11706402886730416,0.38895734600684234,0.689164889450483,0.5140498273694541,78.8,1.5,Critical
SabarKantha,2022,0.4651771850115355,833.59,31.821373626373624,inland,0.44923536486559895,796.360909090909,31.86083563977007,-0.015941820145936536,-37.22909090909104,-0.03946201339644517,0.34176101404277026,0.6739118005248744,0.4762575845531426,39.3,0.8,Moderate
Surat,2022,0.4204280018786333,1867.99,33.06945054945055,inland,0.4245264208493553,1621.3572727272729,33.74819330942282,0.004098418970722051,-246.63272727272715,-0.6787427599722662,0.4109037511811203,0.5641608394940321,0.32190721030885816,35.4,0.8,Moderate
Surendranagar,2022,0.3368874428909661,739.85,32.89659340659341,canal,0.32574235757236847,798.2736363636363,32.78707904117741,-0.011145085318597647,58.42363636363632,0.10951436541600401,0.35831068559900275,0.7240445438033761,0.5122270079190512,63.0,1.2,High
Tapi,2022,0.3699288709402804,1867.99,33.06945054945055,hilly,0.3784417127847622,1621.3572727272729,33.74819330942282,0.008512841844481811,-246.63272727272715,-0.6787427599722662,0.426134371863893,0.5641608394940321,0.32190721030885816,31.4,0.7,Moderate
TheDangs,2022,0.4916242978888145,1697.36,31.44543956043956,hilly,0.4696134631985778,1402.8527272727272,32.27979575069739,-0.022010834690236736,-294.5072727272727,-0.8343561902578287,0.3208217290929938,0.5390692151851451,0.2843353119986614,27.2,0.7,Moderate
Vadodara,2022,0.5000728012254838,925.05,32.347747252747254,inland,0.4888042075723847,969.4318181818181,32.55244938121987,-0.011268593653099124,44.381818181818176,-0.20470212847261848,0.35788455773410455,0.7166850582336093,0.43636138286274645,40.2,0.8,Moderate
Valsad,2022,0.4547693148814685,2284.8,32.95967032967033,hilly,0.44655564537919773,1914.9845454545457,33.660969194739685,-0.00821366950227076,-369.8154545454545,-0.7012988650693543,0.368424642426145,0.499599292544078,0.3164611785272393,28.1,0.7,Moderate
Ahmadabad,2023,0.3368646082106612,918.59,32.3595054945055,inland,0.33494606224063345,819.3454545454545,32.431843921106214,-0.001918545970027774,-99.24454545454557,-0.07233842660071588,0.3901440475245354,0.6414087559105541,0.46831977834034894,39.8,0.8,Moderate
Amreli,2023,0.3373395277366928,983.43,33.700659340659335,coastal,0.3653684670564672,878.4136363636363,32.98440611301267,0.028028939319774404,-105.01636363636362,0.7162532276466678,0.4934687180184196,0.6383836766743475,0.6587203458702935,87.8,1.5,Critical
Anand,2023,0.4464817240836089,955.38,32.627637362637365,canal,0.44047806818284696,969.4318181818181,32.55244938121987,-0.006003655900761962,14.051818181818135,0.07518798141749272,0.37604962078252996,0.70078874093048,0.50393911524435,62.6,1.2,High
Aravalli,2023,0.445793457765637,976.83,31.443296703296703,inland,0.4430652462237046,796.360909090909,31.86083563977007,-0.0027282115419324238,-180.46909090909105,-0.4175389364733668,0.38735054324136353,0.5988379960243723,0.38497325465172716,36.9,0.8,Moderate
BanasKantha,2023,0.420516158934982,1067.34,30.821978021978023,inland,0.3990388091449443,827.9990909090909,31.408053558463394,-0.021477349790037736,-239.340909090909,-0.5860755364853709,0.32266235614374966,0.5679825689874348,0.3442811371039218,33.1,0.8,Moderate
Bharuch,2023,0.3511966335428451,1220.13,33.908956043956046,canal,0.3841447975698467,1378.729090909091,33.59115349131742,0.032948164027001625,158.59909090909082,0.317802552638625,0.5104410035723157,0.776547702769408,0.5625168998337955,74.0,1.2,High
Bhavnagar,2023,0.2965474955105301,911.36,33.38428571428571,coastal,0.3270399994434892,871.0754545454546,32.94496585381831,0.030492503932959103,-40.28454545454542,0.4393198604673998,0.5019684968624343,0.6723104000975803,0.5918565006914678,87.6,1.5,Critical
Botad,2023,0.3813862723898146,911.36,33.38428571428571,canal,0.38425720179685496,871.0754545454546,32.94496585381831,0.002870929407040368,-40.28454545454542,0.4393198604673998,0.40666867256016914,0.6723104000975803,0.5918565006914678,65.5,1.2,High
ChhotaUdaipur,2023,0.45310502254531,982.48,32.47087912087912,hilly,0.47365128077702406,1053.0963636363635,32.62040675171823,0.020546258231714076,70.61636363636353,-0.1495276308391098,0.46765200752159786,0.7304348986176785,0.4496829233660195,38.9,0.7,Moderate
Dahod,2023,0.3990988098525274,1053.35,30.52357142857143,hilly,0.4044113949969596,1012.0318181818183,30.858593319249056,0.005312585144432225,-41.31818181818164,-0.335021890677627,0.4150928615057239,0.6717686588640684,0.4048964839501628,35.2,0.7,Moderate
DevbhumiDwarka,2023,0.2623230462909027,826.04,26.11456043956044,coastal,0.24366843680821057,897.2345454545455,25.966253555187983,-0.018654609482692125,71.1945454545455,0.14830688437245598,0.33240136124965103,0.7307379306533106,0.5215932211999585,77.9,1.5,Critical
Gandhinagar,2023,0.4381831400804666,918.59,32.3595054945055,inland,0.4328033771116592,819.3454545454545,32.431843921106214,-0.005379762968807378,-99.24454545454557,-0.07233842660071588,0.37820217319198457,0.6414087559105541,0.46831977834034894,39.4,0.8,Moderate
GirSomnath,2023,0.433553145804377,1142.29,31.9610989010989,coastal,0.4462015044259074,948.6281818181818,31.372652702488768,0.012648358621530409,-193.66181818181815,0.5884461986101321,0.44040271206593273,0.5919235291987568,0.6278621308082828,81.0,1.5,Critical
Jamnagar,2023,0.3158673422130268,830.94,30.54725274725275,coastal,0.30878202076929206,811.3136363636364,30.099657773920068,-0.007085321443734749,-19.626363636363635,0.4475949733326807,0.3723176635002833,0.6831376013203813,0.5938544754068197,80.5,1.5,Critical
Junagadh,2023,0.3891997918944241,1105.87,33.72565934065934,coastal,0.41041453730462313,957.8809090909091,32.96623289279027,0.02121474541019902,-147.9890909090908,0.7594264478690675,0.46995841878711614,0.615861154151825,0.6691442523219606,85.6,1.5,Critical
Kachchh,2023,0.1263834766093205,740.72,32.43972527472528,coastal,0.13994267516176054,599.8054545454546,32.19571349415612,0.013559198552440033,-140.91454545454542,0.24401178056915995,0.44354528763857876,0.6195690083991334,0.5447005752444771,79.6,1.5,Critical
Kheda,2023,0.4645661214983767,918.59,32.3595054945055,canal,0.4564804347166025,819.3454545454545,32.431843921106214,-0.008085686781774237,-99.24454545454557,-0.07233842660071588,0.36886620779620016,0.6414087559105541,0.46831977834034894,58.7,1.2,High
Mahesana,2023,0.450462656784811,978.15,31.670934065934063,inland,0.43794096053540876,793.3772727272727,32.083054895923745,-0.012521696249402248,-184.77272727272725,-0.41212082998968214,0.35356110915052213,0.5965824085138662,0.3862814228828706,35.7,0.8,Moderate
Mahisagar,2023,0.4232551122293467,969.75,31.86230769230769,hilly,0.41866962812429553,935.9290909090909,32.075187107973996,-0.004585484105051163,-33.82090909090914,-0.21287941566630408,0.38094259032830463,0.6756980695525228,0.43438702754951525,34.8,0.7,Moderate
Morbi,2023,0.353246671293603,752.1800000000001,32.496373626373625,coastal,0.3276175715128174,708.96,32.079326766130045,-0.02562909978078559,-43.22000000000003,0.4170468602435804,0.3083380081854559,0.6707718931116436,0.5864788228269243,75.7,1.5,Critical
Narmada,2023,0.3729231694739522,1011.25,32.56406593406593,canal,0.4113918090322688,1153.2536363636364,32.64504484586451,0.038468639558316586,142.00363636363636,-0.08097891179858152,0.5294877218434122,0.7678498257089331,0.46623358673973175,71.7,1.2,High
Navsari,2023,0.4754477998441587,1363.86,34.19565934065934,inland,0.482646483411377,1621.3572727272729,33.74819330942282,0.007198683567218311,257.49727272727296,0.44746603123652307,0.42160026926191935,0.8283814277573536,0.5938233431368359,48.6,0.8,Moderate
PanchMahals,2023,0.4394281168525891,969.75,31.86230769230769,hilly,0.44981767634710096,935.9290909090909,32.075187107973996,0.010389559494511869,-33.82090909090914,-0.21287941566630408,0.4326094141227983,0.6756980695525228,0.43438702754951525,36.3,0.7,Moderate
Patan,2023,0.3700404150169412,952.43,31.659010989010987,inland,0.3468958326288714,729.1409090909091,32.10017941075318,-0.023144582388069768,-223.28909090909087,-0.44116842174219073,0.3169100782091819,0.5763955196999413,0.3792680618800406,33.9,0.8,Moderate
Porbandar,2023,0.3321817046668876,990.72,28.18450549450549,coastal,0.3176866331264165,971.7236363636363,27.898721005770184,-0.014495071540471138,-18.996363636363753,0.28578448873530604,0.3467525791608639,0.6834677918875085,0.5547863367399974,77.5,1.5,Critical
Rajkot,2023,0.3546759433966376,790.64,32.716593406593404,coastal,0.3538280959425513,827.0236363636363,32.09266124585797,-0.0008478474540862813,36.383636363636356,0.6239321607354356,0.3938381664225792,0.7124931150740333,0.6364299964350782,84.9,1.5,Critical
SabarKantha,2023,0.4526647233862688,976.83,31.443296703296703,inland,0.44923536486559895,796.360909090909,31.86083563977007,-0.003429358520669834,-180.46909090909105,-0.4175389364733668,0.38493144928924145,0.5988379960243723,0.38497325465172716,36.8,0.8,Moderate
Surat,2023,0.4212492410967418,1363.86,34.19565934065934,inland,0.4245264208493553,1621.3572727272729,33.74819330942282,0.003277179752613546,257.49727272727296,0.44746603123652307,0.4080703155591781,0.8283814277573536,0.5938233431368359,48.1,0.8,Moderate
Surendranagar,2023,0.3306195574000131,833.19,33.07785714285714,canal,0.32574235757236847,798.2736363636363,32.78707904117741,-0.004877199827644618,-34.91636363636371,0.2907781016797344,0.379936114137627,0.6751239286674025,0.5559920136369353,63.3,1.2,High
Tapi,2023,0.3749006023436693,1363.86,34.19565934065934,hilly,0.3784417127847622,1621.3572727272729,33.74819330942282,0.0035411104410928984,257.49727272727296,0.44746603123652307,0.40898092795806423,0.8283814277573536,0.5938233431368359,42.1,0.7,Moderate
TheDangs,2023,0.4587897198547371,1134.54,32.38225274725274,hilly,0.4696134631985778,1402.8527272727272,32.27979575069739,0.010823743343840675,268.3127272727272,0.1024569965553539,0.4341074331628458,0.834049937392438,0.5105230499465079,41.5,0.7,Moderate
Vadodara,2023,0.4707577114240598,955.38,32.627637362637365,inland,0.4888042075723847,969.4318181818181,32.55244938121987,0.018046496148324875,14.051818181818135,0.07518798141749272,0.4590273403390332,0.70078874093048,0.50393911524435,44.4,0.8,Moderate
Valsad,2023,0.4341619166024247,1554.83,34.10126373626374,hilly,0.44655564537919773,1914.9845454545457,33.660969194739685,0.012393728776773028,360.15454545454577,0.4402945415240538,0.43952418939356586,0.8821853374423718,0.5920918313918981,44.3,0.7,Moderate
Ahmadabad,2024,0.3333937545254352,998.46,31.1724043715847,inland,0.33494606224063345,819.3454545454545,32.431843921106214,0.0015523077151982645,-179.11454545454558,-1.2594395495215132,0.40211917030656696,0.5995479295669692,0.18170156940778315,33.3,0.8,Moderate
Amreli,2024,0.3401548432882884,972.58,32.04551912568306,coastal,0.3653684670564672,878.4136363636363,32.98440611301267,0.025213623768178817,-94.16636363636371,-0.9388869873296102,0.4837553297692908,0.6440702919970955,0.25909699888739796,72.6,1.5,High
Anand,2024,0.4327851473702536,1283.2,31.36841530054645,canal,0.44047806818284696,969.4318181818181,32.55244938121987,0.0076929208125933735,-313.7681818181819,-1.184034080673424,0.4233054842417418,0.528974341381788,0.19990775252703008,48.5,1.2,Moderate
Aravalli,2024,0.443774992930796,939.95,30.90502732240437,inland,0.4430652462237046,796.360909090909,31.86083563977007,-0.0007097467070913965,-143.58909090909106,-0.955808317365701,0.3943146409592597,0.6181672470016029,0.255011448622086,35.0,0.8,Moderate
BanasKantha,2024,0.4161309748051434,869.14,30.66153005464481,inland,0.3990388091449443,827.9990909090909,31.408053558463394,-0.01709216566019911,-41.140909090909076,-0.7465235038185831,0.3377920974521084,0.6718615696297102,0.3055419697861731,35.7,0.8,Moderate
Bharuch,2024,0.3889921309466473,1624.47,32.705628415300545,canal,0.3841447975698467,1378.729090909091,33.59115349131742,-0.0048473333768006,-245.7409090909091,-0.8855250760168758,0.3800391592234637,0.5646282521150303,0.27198090165723365,50.1,1.2,High
Bhavnagar,2024,0.3366978785752682,941.53,32.22459016393443,coastal,0.3270399994434892,871.0754545454546,32.94496585381831,-0.009657879131778957,-70.45454545454538,-0.7203756898838805,0.36344183727075374,0.6564979407162612,0.3118551974066026,68.0,1.5,High
Botad,2024,0.4167732694317754,941.53,32.22459016393443,canal,0.38425720179685496,871.0754545454546,32.94496585381831,-0.03251606763492043,-70.45454545454538,-0.7203756898838805,0.2845766246387456,0.6564979407162612,0.3118551974066026,50.6,1.2,High
ChhotaUdaipur,2024,0.4884569167904902,1529.95,31.759890710382518,hilly,0.47365128077702406,1053.0963636363635,32.62040675171823,-0.014805636013466128,-476.8536363636365,-0.8605160413357105,0.3456810711017134,0.443499295784043,0.27801917808461285,25.4,0.7,Moderate
Dahod,2024,0.4250756285566197,1228.94,30.243278688524597,hilly,0.4044113949969596,1012.0318181818183,30.858593319249056,-0.020664233559660072,-216.9081818181818,-0.615314630724459,0.325467765872279,0.5797398307975843,0.337221539012566,29.2,0.7,Moderate
DevbhumiDwarka,2024,0.2323069917355956,2220.28,26.216612021857927,coastal,0.24366843680821057,897.2345454545455,25.966253555187983,0.011361445072614967,-1323.0454545454547,0.2503584666699439,0.43596260909538104,0.0,0.5462329432691895,46.6,1.5,Moderate
Gandhinagar,2024,0.4241572496440994,998.46,31.1724043715847,inland,0.4328033771116592,819.3454545454545,32.431843921106214,0.008646127467559828,-179.11454545454558,-1.2594395495215132,0.4265942332830686,0.5995479295669692,0.18170156940778315,34.1,0.8,Moderate
GirSomnath,2024,0.4263993496156708,1110.18,30.65437158469945,coastal,0.4462015044259074,948.6281818181818,31.372652702488768,0.019802154810236616,-161.55181818181825,-0.7182811177893171,0.46508470545621505,0.6087527658820234,0.31236091885748185,71.6,1.5,High
Jamnagar,2024,0.2892933701909629,1261.15,29.559945355191257,coastal,0.30878202076929206,811.3136363636364,30.099657773920068,0.01948865057832916,-449.83636363636367,-0.5397124187288114,0.46400305465492697,0.45765937293333114,0.35547522454545255,65.2,1.5,High
Junagadh,2024,0.3807714355123423,1206.74,31.86360655737705,coastal,0.41041453730462313,957.8809090909091,32.96623289279027,0.0296431017922808,-248.85909090909092,-1.1026263354132233,0.49903789365975837,0.5629939755706628,0.21956314808617827,67.7,1.5,High
Kachchh,2024,0.1280998571791125,759.46,31.60475409836065,coastal,0.13994267516176054,599.8054545454546,32.19571349415612,0.011842817982648052,-159.65454545454543,-0.5909593957954655,0.43762343960694283,0.609747149307124,0.343101959541783,71.1,1.5,High
Kheda,2024,0.4450178010556351,998.46,31.1724043715847,canal,0.4564804347166025,819.3454545454545,32.431843921106214,0.011462633660967392,-179.11454545454558,-1.2594395495215132,0.4363117294788817,0.5995479295669692,0.18170156940778315,51.6,1.2,High
Mahesana,2024,0.4375010114687522,919.78,31.028743169398908,inland,0.43794096053540876,793.3772727272727,32.083054895923745,0.0004399490666565642,-126.40272727272725,-1.054311726524837,0.3982813158183061,0.6271748266142175,0.2312284109668964,34.9,0.8,Moderate
Mahisagar,2024,0.4338702656171331,1251.07,31.207978142076502,hilly,0.41866962812429553,935.9290909090909,32.075187107973996,-0.015200637492837565,-315.1409090909091,-0.8672089658974933,0.34431823888706503,0.5282548785298946,0.27640321292934533,27.4,0.7,Moderate
Morbi,2024,0.3192714774649153,848.45,31.35704918032787,coastal,0.3276175715128174,708.96,32.079326766130045,0.008346094047902097,-139.49,-0.7222775858021748,0.4255590594137673,0.6203156297825223,0.3113959964243506,69.8,1.5,High
Narmada,2024,0.440215675791352,1680.8,31.8651912568306,canal,0.4113918090322688,1153.2536363636364,32.64504484586451,-0.028823866759083216,-527.5463636363636,-0.7798535890339124,0.2973154384390155,0.4169306285341827,0.29749462727799414,40.7,1.2,Moderate
Navsari,2024,0.4797930159689696,1825.37,33.083224043715845,inland,0.482646483411377,1621.3572727272729,33.74819330942282,0.002853467442407387,-204.01272727272703,-0.6649692657069721,0.40660842537332126,0.5864984934162005,0.32523273513638795,35.9,0.8,Moderate
PanchMahals,2024,0.4603005455096393,1251.07,31.207978142076502,hilly,0.44981767634710096,935.9290909090909,32.075187107973996,-0.010482869162538322,-315.1409090909091,-0.8672089658974933,0.36059546061294545,0.5282548785298946,0.27640321292934533,27.9,0.7,Moderate
Patan,2024,0.3563227115822693,741.03,31.452185792349727,inland,0.3468958326288714,729.1409090909091,32.10017941075318,-0.009426878953397888,-11.889090909090896,-0.6479936184034507,0.36423883298122095,0.6871927988915509,0.32933139996928346,37.5,0.8,Moderate
Porbandar,2024,0.2916182692568644,1848.38,27.829726775956285,coastal,0.3176866331264165,971.7236363636363,27.898721005770184,0.02606836386955208,-876.6563636363638,-0.06899422981389947,0.48670434997842255,0.23395788426463276,0.46912721392847895,59.1,1.5,High
Rajkot,2024,0.320017050407149,1057.08,31.247595628415304,coastal,0.3538280959425513,827.0236363636363,32.09266124585797,0.03381104553540232,-230.05636363636359,-0.8450656174426641,0.5134181132250293,0.5728487107797454,0.28174958717779786,71.4,1.5,High
SabarKantha,2024,0.4516287342732603,939.95,30.90502732240437,inland,0.44923536486559895,796.360909090909,31.86083563977007,-0.0023933694076613277,-143.58909090909106,-0.955808317365701,0.3885058139713173,0.6181672470016029,0.255011448622086,34.8,0.8,Moderate
Surat,2024,0.4417549942612787,1825.37,33.083224043715845,inland,0.4245264208493553,1621.3572727272729,33.74819330942282,-0.017228573411923354,-204.01272727272703,-0.6649692657069721,0.3373214640796122,0.5864984934162005,0.32523273513638795,33.7,0.8,Moderate
Surendranagar,2024,0.3353322951997793,884.86,31.96655737704918,canal,0.32574235757236847,798.2736363636363,32.78707904117741,-0.009589937627410838,-86.58636363636367,-0.8205216641282256,0.3636762487241283,0.6480430610428496,0.2876755725915765,53.3,1.2,High
Tapi,2024,0.3882837623535651,1825.37,33.083224043715845,hilly,0.3784417127847622,1621.3572727272729,33.74819330942282,-0.009842049568802913,-204.01272727272703,-0.6649692657069721,0.36280641330990804,0.5864984934162005,0.32523273513638795,30.2,0.7,Moderate
TheDangs,2024,0.457728106964339,1630.58,31.830710382513665,hilly,0.4696134631985778,1402.8527272727272,32.27979575069739,0.011885356234238753,-227.72727272727275,-0.4490853681837237,0.43777020487910046,0.5740694153006403,0.37735656422792474,32.9,0.7,Moderate
Vadodara,2024,0.4813290706051394,1283.2,31.36841530054645,inland,0.4888042075723847,969.4318181818181,32.55244938121987,0.007475136967245277,-313.7681818181819,-1.184034080673424,0.42255408746028494,0.528974341381788,0.19990775252703008,32.3,0.8,Moderate
Valsad,2024,0.4252255721879461,2121.74,33.18087431693989,hilly,0.44655564537919773,1914.9845454545457,33.660969194739685,0.02133007319125163,-206.75545454545409,-0.4800948777997931,0.4703563221456365,0.585060997108808,0.3698695103161511,34.0,0.7,Moderate
Ahmadabad,2025,0.3742490850656831,1095.82,31.70846153846153,inland,0.33494606224063345,819.3454545454545,32.431843921106214,-0.03930302282504966,-276.4745454545455,-0.723382382644683,0.26116030430697956,0.5485203841455165,0.31112925007383335,29.9,0.8,Moderate
Amreli,2025,0.3835450309488528,1059.37,32.51104395604396,coastal,0.3653684670564672,878.4136363636363,32.98440611301267,-0.01817656389238559,-180.95636363636356,-0.47336215696870454,0.33405071185860846,0.5985826105352233,0.37149508403400056,65.4,1.5,High
Anand,2025,0.461932081739505,1209.72,31.759395604395603,canal,0.44047806818284696,969.4318181818181,32.55244938121987,-0.021454013556658047,-240.2881818181819,-0.7930537768242694,0.322742870704528,0.5674860919730818,0.29430752374570474,48.2,1.2,Moderate
Aravalli,2025,0.4677391151279592,1058.87,31.16945054945055,inland,0.4430652462237046,796.360909090909,31.86083563977007,-0.024673868904254603,-262.5090909090909,-0.6913850903195211,0.3116337411863419,0.5558398466162378,0.31885479799881966,31.9,0.8,Moderate
BanasKantha,2025,0.4153811619550879,1069.69,30.89230769230769,inland,0.3990388091449443,827.9990909090909,31.408053558463394,-0.016342352810143623,-241.69090909090914,-0.5157458661557044,0.34037909816066025,0.5667509057608487,0.3612618001287446,34.0,0.8,Moderate
Bharuch,2025,0.4050671564264453,1474.99,33.28917582417583,canal,0.3841447975698467,1378.729090909091,33.59115349131742,-0.0209223588565986,-96.26090909090908,-0.3019776671415926,0.32457718320751716,0.6429725155661269,0.41287480692753686,55.0,1.2,High
Bhavnagar,2025,0.3495423207278386,1032.66,32.45241758241758,coastal,0.3270399994434892,871.0754545454546,32.94496585381831,-0.02250232128434937,-161.5845454545455,-0.49254827140072877,0.31912600439699923,0.6087356131252896,0.366862715612554,64.9,1.5,High
Botad,2025,0.4262443851976513,1032.66,32.45241758241758,canal,0.38425720179685496,871.0754545454546,32.94496585381831,-0.041987183400796324,-161.5845454545455,-0.49254827140072877,0.25189942632814843,0.6087356131252896,0.366862715612554,48.7,1.2,Moderate
ChhotaUdaipur,2025,0.4924862277614065,1251.86,32.10252747252747,hilly,0.47365128077702406,1053.0963636363635,32.62040675171823,-0.018834946984382428,-198.76363636363635,-0.5178792791907583,0.33177916166395877,0.5892496050101298,0.3607467007735051,30.0,0.7,Moderate
Dahod,2025,0.4318810492555544,1262.92,30.3828021978022,hilly,0.4044113949969596,1012.0318181818183,30.858593319249056,-0.027469654258594767,-250.8881818181818,-0.4757911214468571,0.3019877359303616,0.5619305046531619,0.3709086256145392,28.7,0.7,Moderate
DevbhumiDwarka,2025,0.2913696267905616,1033.56,26.086978021978023,coastal,0.24366843680821057,897.2345454545455,25.966253555187983,-0.04770118998235104,-136.32545454545448,0.12072446679004045,0.2321849881532653,0.6219742060655962,0.514933617419911,65.9,1.5,High
Gandhinagar,2025,0.4591810220458702,1095.82,31.70846153846153,inland,0.4328033771116592,819.3454545454545,32.431843921106214,-0.026377644934210964,-276.4745454545455,-0.723382382644683,0.30575538127775337,0.5485203841455165,0.31112925007383335,31.4,0.8,Moderate
GirSomnath,2025,0.4636561912203438,1142.36,30.86868131868132,coastal,0.4462015044259074,948.6281818181818,31.372652702488768,-0.017454686794436403,-193.73181818181808,-0.5039713838074498,0.336541328768873,0.5918868413579649,0.364104675918013,64.9,1.5,High
Jamnagar,2025,0.3307470060456185,973.29,29.953461538461536,coastal,0.30878202076929206,811.3136363636364,30.099657773920068,-0.021964985276326454,-161.97636363636354,-0.14619623545853244,0.32097991852154756,0.6085302565099479,0.45048726813395135,68.1,1.5,High
Junagadh,2025,0.443018473981916,1141.5,32.46236263736264,coastal,0.41041453730462313,957.8809090909091,32.96623289279027,-0.03260393667729289,-183.61909090909091,-0.5038702554276355,0.28427345928907133,0.5971870431887357,0.3641290927385643,62.1,1.5,High
Kachchh,2025,0.1356850235759036,705.1,32.01593406593406,coastal,0.13994267516176054,599.8054545454546,32.19571349415612,0.0042576515858569475,-105.29454545454541,-0.17977942822205506,0.4114531347881738,0.6382378782421094,0.44237881437692445,74.8,1.5,High
Kheda,2025,0.4825681788349004,1095.82,31.70846153846153,canal,0.4564804347166025,819.3454545454545,32.431843921106214,-0.026087744118297895,-276.4745454545455,-0.723382382644683,0.30675559568608385,0.5485203841455165,0.31112925007383335,47.1,1.2,Moderate
Mahesana,2025,0.4663572973097374,1052.91,31.513956043956043,inland,0.43794096053540876,793.3772727272727,32.083054895923745,-0.028416336774328643,-259.53272727272736,-0.569098851967702,0.29872149644300694,0.5573997945480916,0.348380052365745,32.1,0.8,Moderate
Mahisagar,2025,0.4409619096676834,1205.09,31.468351648351646,hilly,0.41866962812429553,935.9290909090909,32.075187107973996,-0.02229228154338786,-269.16090909090906,-0.6068354596223493,0.3198506825065452,0.5523535488100753,0.33926878232452573,28.4,0.7,Moderate
Morbi,2025,0.3543764546043429,888.32,31.91901098901099,coastal,0.3276175715128174,708.96,32.079326766130045,-0.02675888309152552,-179.36,-0.16031577711905598,0.30444003521102914,0.5994192838914651,0.4470781923075122,66.5,1.5,High
Narmada,2025,0.4254599047592192,1229.13,32.26489010989011,canal,0.4113918090322688,1153.2536363636364,32.64504484586451,-0.014068095726950391,-75.87636363636375,-0.38015473597440064,0.34822572907024585,0.6536563006840139,0.39399943816929134,56.0,1.2,High
Navsari,2025,0.4814707801627785,1725.96,33.70274725274725,inland,0.482646483411377,1621.3572727272729,33.74819330942282,0.001175703248598503,-104.60272727272718,-0.04544605667556567,0.4008198113773818,0.6386004684608452,0.47481277439020003,40.2,0.8,Moderate
PanchMahals,2025,0.4692442882557461,1205.09,31.468351648351646,hilly,0.44981767634710096,935.9290909090909,32.075187107973996,-0.01942661190864514,-269.16090909090906,-0.6068354596223493,0.32973780217248083,0.5523535488100753,0.33926878232452573,28.7,0.7,Moderate
Patan,2025,0.3722162433224238,926.52,31.84131868131868,inland,0.3468958326288714,729.1409090909091,32.10017941075318,-0.025320410693552398,-197.3790909090909,-0.2588607294344989,0.30940304579762196,0.5899752619130662,0.4232851243147008,34.9,0.8,Moderate
Porbandar,2025,0.3636435459696839,1290.73,27.925,coastal,0.3176866331264165,971.7236363636363,27.898721005770184,-0.04595691284326742,-319.00636363636374,0.026278994229816277,0.23820308479482877,0.5262289473734365,0.49213034340699663,60.4,1.5,High
Rajkot,2025,0.3751430850536225,1001.24,31.897252747252747,coastal,0.3538280959425513,827.0236363636363,32.09266124585797,-0.02131498911107116,-174.21636363636367,-0.19540849860522158,0.3232225321816722,0.6021151254914743,0.43860527219588225,67.5,1.5,High
SabarKantha,2025,0.4628266142911061,1058.87,31.16945054945055,inland,0.44923536486559895,796.360909090909,31.86083563977007,-0.013591249425507157,-262.5090909090909,-0.6913850903195211,0.3498709418985038,0.5558398466162378,0.31885479799881966,33.1,0.8,Moderate
Surat,2025,0.423990191394043,1725.96,33.70274725274725,inland,0.4245264208493553,1621.3572727272729,33.74819330942282,0.0005362294553123426,-104.60272727272718,-0.04544605667556567,0.3986135019546916,0.6386004684608452,0.47481277439020003,40.1,0.8,Moderate
Surendranagar,2025,0.3599418350483272,985.1,32.345549450549456,canal,0.32574235757236847,798.2736363636363,32.78707904117741,-0.03419947747595875,-186.82636363636368,-0.44152959062795105,0.27876853205774094,0.5955060730288149,0.37918085989095973,49.8,1.2,Moderate
Tapi,2025,0.39007180240394,1725.96,33.70274725274725,hilly,0.3784417127847622,1621.3572727272729,33.74819330942282,-0.01163008961917783,-104.60272727272718,-0.04544605667556567,0.35663732608114607,0.6386004684608452,0.47481277439020003,33.9,0.7,Moderate
TheDangs,2025,0.4764408336237055,1380.84,32.41208791208791,hilly,0.4696134631985778,1402.8527272727272,32.27979575069739,-0.00682737042512771,22.01272727272726,0.1322921613905237,0.3732076448707795,0.7049611490059979,0.5177265655890709,36.8,0.7,Moderate
Vadodara,2025,0.4986137311185099,1209.72,31.759395604395603,inland,0.4888042075723847,969.4318181818181,32.55244938121987,-0.009809523546125187,-240.2881818181819,-0.7930537768242694,0.36291863443776334,0.5674860919730818,0.29430752374570474,33.4,0.8,Moderate
Valsad,2025,0.4595609903816162,2096.05,33.81071428571428,hilly,0.44655564537919773,1914.9845454545457,33.660969194739685,-0.013005345002418456,-181.0654545454545,0.14974509097459787,0.3518924265363864,0.5985254346794437,0.5219404672705937,33.7,0.7,Moderate
